femaDeclarationString,disasterNumber,state,declarationType,declarationDate,fyDeclared,incidentType,declarationTitle,stormName,incidentBeginDate,incidentEndDate,declarationRequestNumber,incidentId,region,totalNumberIaApproved,totalAmountIhpApproved,totalAmountHaApproved,totalAmountOnaApproved
DR-4798-TX,4798,TX,DR,2024-07-09T00:00:00.000Z,2024,Hurricane,HURRICANE BERYL ,BERYL,2024-07-05T00:00:00.000Z,2024-07-09T00:00:00.000Z,24081,2024070302,6,726329,835029999.5,167115163.9,667914835.6
DR-4750-CA,4750,CA,DR,2023-11-21T00:00:00.000Z,2024,Hurricane,TROPICAL STORM HILARY,HILARY,2023-08-19T00:00:00.000Z,2023-08-21T00:00:00.000Z,23125,2023081703,9,,,,
DR-4746-CA,4746,CA,DR,2023-10-18T00:00:00.000Z,2024,Tropical Storm,TROPICAL STORM HILARY,HILARY,2023-08-19T00:00:00.000Z,2023-08-21T00:00:00.000Z,23126,2023081703,9,,,,
DR-4743-CA,4743,CA,DR,2023-09-27T00:00:00.000Z,2023,Hurricane,TROPICAL STORM HILARY,HILARY,2023-08-19T00:00:00.000Z,2023-08-21T00:00:00.000Z,23104,2023081703,9,,,,
DR-4738-GA,4738,GA,DR,2023-09-07T00:00:00.000Z,2023,Hurricane,HURRICANE IDALIA,IDALIA,2023-08-30T00:00:00.000Z,2023-08-30T00:00:00.000Z,23119,2023082403,4,1378,5038651.75,4450210.94,588440.81
DR-4734-FL,4734,FL,DR,2023-08-31T00:00:00.000Z,2023,Hurricane,HURRICANE IDALIA,IDALIA,2023-08-27T00:00:00.000Z,2023-09-04T00:00:00.000Z,23113,2023082403,4,36065,84995240.2,58354332.86,26640907.34
DR-4716-MP,4716,MP,DR,2023-06-02T00:00:00.000Z,2023,Tropical Storm,TYPHOON MAWAR,MAWAR,2023-05-22T00:00:00.000Z,2023-05-29T00:00:00.000Z,23056,2023051801,9,,,,
DR-4715-GU,4715,GU,DR,2023-05-25T00:00:00.000Z,2023,Hurricane,TYPHOON MAWAR,MAWAR,2023-05-22T00:00:00.000Z,2023-05-29T00:00:00.000Z,23054,2023051801,9,19934,71254969.95,40209042.86,31045927.09
DR-4680-FL,4680,FL,DR,2022-12-13T00:00:00.000Z,2023,Hurricane,HURRICANE NICOLE,NICOLE,2022-11-07T00:00:00.000Z,2022-11-30T00:00:00.000Z,22104,2022110701,4,1953,7016325.08,6152015.96,864309.12
DR-4677-SC,4677,SC,DR,2022-11-21T00:00:00.000Z,2023,Hurricane,HURRICANE IAN,IAN,2022-09-25T00:00:00.000Z,2022-10-04T00:00:00.000Z,22099,2022092201,4,1361,3383846.2,2942502.97,441343.23
DR-4675-FL,4675,FL,DR,2022-09-30T00:00:00.000Z,2022,Hurricane,HURRICANE IAN - SEMINOLE TRIBE OF FLORIDA,IAN,2022-09-23T00:00:00.000Z,2022-11-04T00:00:00.000Z,22090,2022092201,4,9,38434.87,32834.87,5600
DR-4673-FL,4673,FL,DR,2022-09-29T00:00:00.000Z,2022,Hurricane,HURRICANE IAN,IAN,2022-09-23T00:00:00.000Z,2022-11-04T00:00:00.000Z,22088,2022092201,4,387145,1150151996,782170918.6,367981077.4
DR-4671-PR,4671,PR,DR,2022-09-21T00:00:00.000Z,2022,Hurricane,HURRICANE FIONA,FIONA,2022-09-17T00:00:00.000Z,2022-09-21T00:00:00.000Z,22085,2022091201,2,741074,649129950.7,73592402.7,575537548
DR-4647-ME,4647,ME,DR,2022-03-15T00:00:00.000Z,2022,Coastal Storm,SEVERE STORM AND FLOODING,SEVERE STORM AND FLOODING,2021-10-30T00:00:00.000Z,2021-10-31T00:00:00.000Z,22021,2021110501,1,,,,
DR-4629-CT,4629,CT,DR,2021-10-30T00:00:00.000Z,2022,Hurricane,REMNANTS OF HURRICANE IDA,IDA,2021-09-01T00:00:00.000Z,2021-09-02T00:00:00.000Z,21116,2021082601,1,1551,8908167.94,8401830.24,506337.7
DR-4627-DE,4627,DE,DR,2021-10-24T00:00:00.000Z,2022,Hurricane,REMNANTS OF HURRICANE IDA,IDA,2021-09-01T00:00:00.000Z,2021-09-07T00:00:00.000Z,21117,2021082601,3,,,,
DR-4626-MS,4626,MS,DR,2021-10-22T00:00:00.000Z,2022,Hurricane,HURRICANE IDA,IDA,2021-08-28T00:00:00.000Z,2021-09-01T00:00:00.000Z,21110,2021082601,4,2908,10843005.5,9267807.25,1575198.25
DR-4625-NY,4625,NY,DR,2021-10-08T00:00:00.000Z,2022,Hurricane,REMNANTS OF TROPICAL STORM FRED,FRED,2021-08-18T00:00:00.000Z,2021-08-19T00:00:00.000Z,21105,2021080901,2,,,,
DR-4618-PA,4618,PA,DR,2021-09-10T00:00:00.000Z,2021,Hurricane,REMNANTS OF HURRICANE IDA,IDA,2021-08-31T00:00:00.000Z,2021-09-05T00:00:00.000Z,21099,2021082601,3,43199,128700922.1,99958994.34,28741927.78
DR-4617-NC,4617,NC,DR,2021-09-08T00:00:00.000Z,2021,Hurricane,REMNANTS OF TROPICAL STORM FRED,FRED,2021-08-16T00:00:00.000Z,2021-08-18T00:00:00.000Z,21095,2021080901,4,807,5051308.74,4485334.31,565974.43
DR-4615-NY,4615,NY,DR,2021-09-05T00:00:00.000Z,2021,Hurricane,REMNANTS OF HURRICANE IDA,IDA,2021-09-01T00:00:00.000Z,2021-09-03T00:00:00.000Z,21097,2021082601,2,41387,224574470.3,202146196.1,22428274.16
DR-4614-NJ,4614,NJ,DR,2021-09-05T00:00:00.000Z,2021,Hurricane,REMNANTS OF HURRICANE IDA,IDA,2021-09-01T00:00:00.000Z,2021-09-03T00:00:00.000Z,21098,2021082601,2,45019,255474480.4,229926923.2,25547557.2
DR-4611-LA,4611,LA,DR,2021-08-29T00:00:00.000Z,2021,Hurricane,HURRICANE IDA,IDA,2021-08-26T00:00:00.000Z,2021-09-03T00:00:00.000Z,21091,2021082601,6,564768,1241451814,756922022.1,484529792.3
EM-3606-SC,3606,SC,EM,2024-08-05T00:00:00.000Z,2024,Tropical Storm,HURRICANE DEBBY,DEBBY,2024-08-04T00:00:00.000Z,2024-08-22T00:00:00.000Z,24109,2024072801,4,,,,
DR-4345-LA,4345,LA,DR,2017-10-16T00:00:00.000Z,2018,Hurricane,TROPICAL STORM HARVEY,HARVEY,2017-08-28T00:00:00.000Z,2017-09-10T00:00:00.000Z,17119,2017082301,6,,,,
DR-4583-MD,4583,MD,DR,2021-02-04T00:00:00.000Z,2021,Hurricane,TROPICAL STORM ISAIAS,ISAIAS,2020-08-03T00:00:00.000Z,2020-08-04T00:00:00.000Z,20310,2020072601,3,,,,
DR-4580-CT,4580,CT,DR,2021-01-12T00:00:00.000Z,2021,Hurricane,TROPICAL STORM ISAIAS,ISAIAS,2020-08-04T00:00:00.000Z,2020-08-04T00:00:00.000Z,20306,2020072601,1,,,,
DR-4579-GA,4579,GA,DR,2021-01-12T00:00:00.000Z,2021,Hurricane,TROPICAL STORM ZETA,ZETA,2020-10-29T00:00:00.000Z,2020-10-29T00:00:00.000Z,20325,2020102601,4,,,,
DR-4577-LA,4577,LA,DR,2021-01-12T00:00:00.000Z,2021,Hurricane,HURRICANE ZETA,ZETA,2020-10-26T00:00:00.000Z,2020-10-29T00:00:00.000Z,21002,2020102601,6,3908,13555380.43,11417602.54,2137777.89
EM-3568-LA,3568,LA,EM,2021-08-27T00:00:00.000Z,2021,Hurricane,TROPICAL STORM IDA,IDA,2021-08-26T00:00:00.000Z,2021-09-03T00:00:00.000Z,21089,2021082601,6,,,,
DR-4576-MS,4576,MS,DR,2020-12-31T00:00:00.000Z,2021,Hurricane,HURRICANE ZETA,ZETA,2020-10-28T00:00:00.000Z,2020-10-29T00:00:00.000Z,20324,2020102601,4,5393,21230957.65,17928588.24,3302369.41
DR-4574-NJ,4574,NJ,DR,2020-12-11T00:00:00.000Z,2021,Hurricane,TROPICAL STORM ISAIAS,ISAIAS,2020-08-04T00:00:00.000Z,2020-08-04T00:00:00.000Z,20303,2020072601,2,,,,
DR-4573-AL,4573,AL,DR,2020-12-10T00:00:00.000Z,2021,Hurricane,HURRICANE ZETA,ZETA,2020-10-28T00:00:00.000Z,2020-10-29T00:00:00.000Z,20320,2020102601,4,8941,30416884.58,20948170.93,9468713.65
DR-4572-TX,4572,TX,DR,2020-12-09T00:00:00.000Z,2021,Hurricane,HURRICANE LAURA,LAURA,2020-08-23T00:00:00.000Z,2020-08-27T00:00:00.000Z,20305,2020081804,6,,,,
DR-4570-LA,4570,LA,DR,2020-10-16T00:00:00.000Z,2021,Hurricane,HURRICANE DELTA ,DELTA,2020-10-06T00:00:00.000Z,2020-10-10T00:00:00.000Z,20311,2020100501,6,11555,46857016.39,35884843.99,10972172.4
DR-4568-NC,4568,NC,DR,2020-10-14T00:00:00.000Z,2021,Hurricane,HURRICANE ISAIAS,ISAIAS,2020-07-31T00:00:00.000Z,2020-08-04T00:00:00.000Z,20298,2020072601,4,,,,
DR-4567-NY,4567,NY,DR,2020-10-02T00:00:00.000Z,2021,Hurricane,TROPICAL STORM ISAIAS,ISAIAS,2020-08-04T00:00:00.000Z,2020-08-04T00:00:00.000Z,20273,2020072601,2,,,,
DR-4566-DE,4566,DE,DR,2020-10-02T00:00:00.000Z,2021,Hurricane,TROPICAL STORM ISAIAS,ISAIAS,2020-08-04T00:00:00.000Z,2020-08-07T00:00:00.000Z,20253,2020072601,3,,,,
DR-4564-FL,4564,FL,DR,2020-09-23T00:00:00.000Z,2020,Hurricane,HURRICANE SALLY,SALLY,2020-09-14T00:00:00.000Z,2020-09-28T00:00:00.000Z,20297,2020091301,4,8558,37688066.27,29679108.25,8008958.02
DR-4563-AL,4563,AL,DR,2020-09-20T00:00:00.000Z,2020,Hurricane,HURRICANE SALLY,SALLY,2020-09-14T00:00:00.000Z,2020-09-16T00:00:00.000Z,20296,2020091301,4,22779,96549405.07,71671516.92,24877888.15
DR-4560-PR,4560,PR,DR,2020-09-09T00:00:00.000Z,2020,Hurricane,HURRICANE ISAIAS,ISAIAS,2020-07-29T00:00:00.000Z,2020-07-31T00:00:00.000Z,20248,2020072601,2,309,1326459.25,750166.22,576293.03
DR-4559-LA,4559,LA,DR,2020-08-28T00:00:00.000Z,2020,Hurricane,HURRICANE LAURA,LAURA,2020-08-22T00:00:00.000Z,2020-08-27T00:00:00.000Z,20251,2020081804,6,76134,242713285.5,172733067.7,69980217.79
DR-4817-LA,4817,LA,DR,2024-09-16T00:00:00.000Z,2024,Hurricane,HURRICANE FRANCINE,FRANCINE,2024-09-09T00:00:00.000Z,2024-09-12T00:00:00.000Z,24152,2024090902,6,23950,77116106.17,36354828.21,40761277.96
DR-4468-FL,4468,FL,DR,2019-10-21T00:00:00.000Z,2020,Hurricane,HURRICANE DORIAN,DORIAN,2019-08-28T00:00:00.000Z,2019-09-09T00:00:00.000Z,19085,2019082401,4,,,,
DR-4465-NC,4465,NC,DR,2019-10-04T00:00:00.000Z,2020,Hurricane,HURRICANE DORIAN,DORIAN,2019-09-01T00:00:00.000Z,2019-09-09T00:00:00.000Z,19080,2019082401,4,,,,
DR-4464-SC,4464,SC,DR,2019-09-30T00:00:00.000Z,2019,Hurricane,HURRICANE DORIAN,DORIAN,2019-08-31T00:00:00.000Z,2019-09-06T00:00:00.000Z,19078,2019082401,4,,,,
DR-4458-LA,4458,LA,DR,2019-08-27T00:00:00.000Z,2019,Hurricane,HURRICANE BARRY,BARRY,2019-07-10T00:00:00.000Z,2019-07-15T00:00:00.000Z,19058,2019070902,6,,,,
DR-4412-NC,4412,NC,DR,2019-01-31T00:00:00.000Z,2019,Hurricane,TROPICAL STORM MICHAEL,MICHAEL,2018-10-10T00:00:00.000Z,2018-10-12T00:00:00.000Z,18135,2018100601,4,,,,
DR-4411-VA,4411,VA,DR,2018-12-18T00:00:00.000Z,2019,Hurricane,TROPICAL STORM MICHAEL,MICHAEL,2018-10-09T00:00:00.000Z,2018-10-16T00:00:00.000Z,18134,2018100601,3,,,,
DR-4406-AL,4406,AL,DR,2018-11-05T00:00:00.000Z,2019,Hurricane,HURRICANE MICHAEL,MICHAEL,2018-10-10T00:00:00.000Z,2018-10-13T00:00:00.000Z,18120,2018100601,4,,,,
DR-4401-VA,4401,VA,DR,2018-10-15T00:00:00.000Z,2019,Hurricane,HURRICANE FLORENCE,FLORENCE,2018-09-08T00:00:00.000Z,2018-09-21T00:00:00.000Z,18117,2018090602,3,,,,
DR-4400-GA,4400,GA,DR,2018-10-14T00:00:00.000Z,2019,Hurricane,HURRICANE MICHAEL,MICHAEL,2018-10-09T00:00:00.000Z,2018-10-23T00:00:00.000Z,18116,2018100601,4,5081,12581999.88,9877847.92,2704151.96
DR-4399-FL,4399,FL,DR,2018-10-11T00:00:00.000Z,2019,Hurricane,HURRICANE MICHAEL,MICHAEL,2018-10-07T00:00:00.000Z,2018-10-19T00:00:00.000Z,18115,2018100601,4,31414,149572302.3,123061722.8,26510579.49
DR-4395-HI,4395,HI,DR,2018-09-27T00:00:00.000Z,2018,Hurricane,HURRICANE LANE,LANE,2018-08-22T00:00:00.000Z,2018-08-29T00:00:00.000Z,18096,2018081701,9,,,,
DR-4394-SC,4394,SC,DR,2018-09-16T00:00:00.000Z,2018,Hurricane,HURRICANE FLORENCE,FLORENCE,2018-09-08T00:00:00.000Z,2018-10-08T00:00:00.000Z,18103,2018090602,4,5175,24523834.2,21521282.91,3002551.29
DR-4393-NC,4393,NC,DR,2018-09-14T00:00:00.000Z,2018,Hurricane,HURRICANE FLORENCE,FLORENCE,2018-09-07T00:00:00.000Z,2018-09-29T00:00:00.000Z,18102,2018090602,4,34713,133951635.6,110195025.2,23756610.33
DR-4370-NH,4370,NH,DR,2018-06-08T00:00:00.000Z,2018,Coastal Storm,SEVERE STORM AND FLOODING,SEVERE STORM AND FLOODING,2018-03-02T00:00:00.000Z,2018-03-08T00:00:00.000Z,18016,2018030201,1,,,,
DR-4369-AK,4369,AK,DR,2018-06-08T00:00:00.000Z,2018,Coastal Storm,SEVERE STORM,STORM,2017-12-04T00:00:00.000Z,2017-12-04T00:00:00.000Z,18005,2018011601,10,,,,
DR-4367-ME,4367,ME,DR,2018-05-30T00:00:00.000Z,2018,Coastal Storm,SEVERE STORM AND FLOODING,SEVERE STORM AND FLOODING,2018-03-02T00:00:00.000Z,2018-03-08T00:00:00.000Z,18012,2018030201,1,,,,
DR-4357-AS,4357,AS,DR,2018-03-02T00:00:00.000Z,2018,Hurricane,TROPICAL STORM GITA,GITA,2018-02-07T00:00:00.000Z,2018-02-12T00:00:00.000Z,18007,2018020901,9,6080,20543787.44,13584223.45,6959563.99
DR-4350-MS,4350,MS,DR,2017-11-22T00:00:00.000Z,2018,Hurricane,HURRICANE NATE,NATE,2017-10-06T00:00:00.000Z,2017-10-10T00:00:00.000Z,17137,2017100401,4,,,,
DR-4349-AL,4349,AL,DR,2017-11-16T00:00:00.000Z,2018,Hurricane,HURRICANE NATE,NATE,2017-10-06T00:00:00.000Z,2017-10-10T00:00:00.000Z,17138,2017100401,4,,,,
DR-4346-SC,4346,SC,DR,2017-10-16T00:00:00.000Z,2018,Hurricane,HURRICANE IRMA,IRMA,2017-09-06T00:00:00.000Z,2017-09-13T00:00:00.000Z,17120,2017083101,4,,,,
DR-4341-FL,4341,FL,DR,2017-09-27T00:00:00.000Z,2017,Hurricane,HURRICANE IRMA - SEMINOLE TRIBE OF FLORIDA,IRMA,2017-09-04T00:00:00.000Z,2017-10-04T00:00:00.000Z,17113,2017083101,4,3,9674.92,9674.92,
DR-4340-VI,4340,VI,DR,2017-09-20T00:00:00.000Z,2017,Hurricane,HURRICANE MARIA,MARIA,2017-09-16T00:00:00.000Z,2017-09-22T00:00:00.000Z,17117,2017091701,2,11701,44112249.83,30365387.35,13746862.48
DR-4339-PR,4339,PR,DR,2017-09-20T00:00:00.000Z,2017,Hurricane,HURRICANE MARIA,MARIA,2017-09-17T00:00:00.000Z,2017-11-15T00:00:00.000Z,17116,2017091701,2,475315,1336693929,768070472.4,568623456.7
DR-4338-GA,4338,GA,DR,2017-09-15T00:00:00.000Z,2017,Hurricane,HURRICANE IRMA,IRMA,2017-09-07T00:00:00.000Z,2017-09-20T00:00:00.000Z,17110,2017083101,4,9371,13643351.67,10119352.55,3523999.12
DR-4337-FL,4337,FL,DR,2017-09-10T00:00:00.000Z,2017,Hurricane,HURRICANE IRMA,IRMA,2017-09-04T00:00:00.000Z,2017-10-18T00:00:00.000Z,17103,2017083101,4,774691,1020966938,712482355.7,308484582.5
DR-4336-PR,4336,PR,DR,2017-09-10T00:00:00.000Z,2017,Hurricane,HURRICANE IRMA,IRMA,2017-09-05T00:00:00.000Z,2017-09-07T00:00:00.000Z,17102,2017083101,2,1676,12950283.16,11123995.93,1826287.23
DR-4335-VI,4335,VI,DR,2017-09-07T00:00:00.000Z,2017,Hurricane,HURRICANE IRMA,IRMA,2017-09-05T00:00:00.000Z,2017-09-07T00:00:00.000Z,17099,2017083101,2,8891,40826320.17,29559255.81,11267064.36
DR-4332-TX,4332,TX,DR,2017-08-25T00:00:00.000Z,2017,Hurricane,HURRICANE HARVEY,HARVEY,2017-08-23T00:00:00.000Z,2017-09-15T00:00:00.000Z,17083,2017082301,6,373151,1656932723,1243287193,413645530.3
DR-4291-VA,4291,VA,DR,2016-11-02T00:00:00.000Z,2017,Hurricane,HURRICANE MATTHEW,MATTHEW,2016-10-07T00:00:00.000Z,2016-10-15T00:00:00.000Z,16110,2016092802,3,2261,10195614.19,8240163.88,1955450.31
DR-4286-SC,4286,SC,DR,2016-10-11T00:00:00.000Z,2017,Hurricane,HURRICANE MATTHEW,MATTHEW,2016-10-04T00:00:00.000Z,2016-10-30T00:00:00.000Z,16103,2016092802,4,11647,39700862.51,32647472.31,7053390.2
DR-4285-NC,4285,NC,DR,2016-10-10T00:00:00.000Z,2017,Hurricane,HURRICANE MATTHEW,MATTHEW,2016-10-04T00:00:00.000Z,2016-10-24T00:00:00.000Z,16102,2016092802,4,28971,98842212.59,69249444.05,29592768.54
DR-4284-GA,4284,GA,DR,2016-10-08T00:00:00.000Z,2017,Hurricane,HURRICANE MATTHEW,MATTHEW,2016-10-04T00:00:00.000Z,2016-10-15T00:00:00.000Z,16101,2016092802,4,2093,6611177.87,5306453.19,1304724.68
DR-4283-FL,4283,FL,DR,2016-10-08T00:00:00.000Z,2017,Hurricane,HURRICANE MATTHEW,MATTHEW,2016-10-03T00:00:00.000Z,2016-10-19T00:00:00.000Z,16100,2016092802,4,6817,21105530.96,17967178.06,3138352.9
DR-4280-FL,4280,FL,DR,2016-09-28T00:00:00.000Z,2016,Hurricane,HURRICANE HERMINE,HERMINE,2016-08-31T00:00:00.000Z,2016-09-11T00:00:00.000Z,16090,2016082401,4,1984,8693303.61,6904983.45,1788320.16
DR-4244-AK,4244,AK,DR,2015-10-30T00:00:00.000Z,2016,Coastal Storm,SEVERE STORM,STORM,2015-08-27T00:00:00.000Z,2015-08-27T00:00:00.000Z,15085,2015101401,10,,,,
DR-4099-PA,4099,PA,DR,2013-01-10T00:00:00.000Z,2013,Hurricane,HURRICANE SANDY,SANDY,2012-10-26T00:00:00.000Z,2012-11-08T00:00:00.000Z,12126,2012102505,3,,,,
DR-4098-OH,4098,OH,DR,2013-01-03T00:00:00.000Z,2013,Hurricane,SEVERE STORMS AND FLOODING DUE TO THE REMNANTS OF HURRICANE SANDY,SANDY,2012-10-29T00:00:00.000Z,2012-10-30T00:00:00.000Z,12128,2012102505,5,,,,
DR-4097-MA,4097,MA,DR,2012-12-19T00:00:00.000Z,2013,Hurricane,HURRICANE SANDY,SANDY,2012-10-27T00:00:00.000Z,2012-11-08T00:00:00.000Z,12127,2012102505,1,,,,
DR-4096-DC,4096,DC,DR,2012-12-05T00:00:00.000Z,2013,Hurricane,HURRICANE SANDY,SANDY,2012-10-26T00:00:00.000Z,2012-10-31T00:00:00.000Z,12125,2012102505,3,,,,
DR-4095-NH,4095,NH,DR,2012-11-28T00:00:00.000Z,2013,Hurricane,HURRICANE SANDY,SANDY,2012-10-26T00:00:00.000Z,2012-11-08T00:00:00.000Z,12122,2012102506,1,,,,
DR-4093-WV,4093,WV,DR,2012-11-27T00:00:00.000Z,2013,Hurricane,HURRICANE SANDY,SANDY,2012-10-29T00:00:00.000Z,2012-11-08T00:00:00.000Z,12117,2012102505,3,,,,
DR-4092-VA,4092,VA,DR,2012-11-26T00:00:00.000Z,2013,Hurricane,HURRICANE SANDY,SANDY,2012-10-26T00:00:00.000Z,2012-11-08T00:00:00.000Z,12123,2012102505,3,,,,
DR-4091-MD,4091,MD,DR,2012-11-20T00:00:00.000Z,2013,Hurricane,HURRICANE SANDY,SANDY,2012-10-26T00:00:00.000Z,2012-11-04T00:00:00.000Z,12120,2012102505,3,732,2592961.32,2168049.22,424912.1
DR-4090-DE,4090,DE,DR,2012-11-16T00:00:00.000Z,2013,Hurricane,HURRICANE SANDY,SANDY,2012-10-27T00:00:00.000Z,2012-11-08T00:00:00.000Z,12121,2012102505,3,,,,
DR-4087-CT,4087,CT,DR,2012-10-30T00:00:00.000Z,2013,Hurricane,HURRICANE SANDY,SANDY,2012-10-27T00:00:00.000Z,2012-11-08T00:00:00.000Z,12116,2012102505,1,2970,15411911.44,14281595.2,1130316.24
DR-4086-NJ,4086,NJ,DR,2012-10-30T00:00:00.000Z,2013,Hurricane,HURRICANE SANDY,SANDY,2012-10-26T00:00:00.000Z,2012-11-08T00:00:00.000Z,12113,2012102505,2,61336,421687505.7,364811334.8,56876170.87
DR-4085-NY,4085,NY,DR,2012-10-30T00:00:00.000Z,2013,Hurricane,HURRICANE SANDY,SANDY,2012-10-27T00:00:00.000Z,2012-11-08T00:00:00.000Z,12114,2012102505,2,117643,1012576801,866598517.5,145978283.6
DR-4084-FL,4084,FL,DR,2012-10-18T00:00:00.000Z,2013,Hurricane,HURRICANE ISAAC,ISAAC,2012-08-27T00:00:00.000Z,2012-08-29T00:00:00.000Z,12084,2012082201,4,,,,
DR-4082-AL,4082,AL,DR,2012-09-21T00:00:00.000Z,2012,Hurricane,HURRICANE ISAAC,ISAAC,2012-08-26T00:00:00.000Z,2012-09-05T00:00:00.000Z,12089,2012082201,4,,,,
DR-4081-MS,4081,MS,DR,2012-08-29T00:00:00.000Z,2012,Hurricane,HURRICANE ISAAC,ISAAC,2012-08-26T00:00:00.000Z,2012-09-11T00:00:00.000Z,12077,2012082201,4,6663,18066465.05,15342803.23,2723661.82
DR-4080-LA,4080,LA,DR,2012-08-29T00:00:00.000Z,2012,Hurricane,HURRICANE ISAAC,ISAAC,2012-08-26T00:00:00.000Z,2012-09-10T00:00:00.000Z,12078,2012082601,6,45297,141493695.6,118543111.7,22950583.89
DR-4825-NY,4825,NY,DR,2024-09-24T00:00:00.000Z,2024,Tropical Storm,REMNANTS OF TROPICAL STORM DEBBY,DEBBY,2024-08-08T00:00:00.000Z,2024-08-10T00:00:00.000Z,24142,2024072801,2,,,,
DR-4041-LA,4041,LA,DR,2011-10-28T00:00:00.000Z,2012,Coastal Storm,TROPICAL STORM LEE,LEE,2011-09-01T00:00:00.000Z,2011-09-05T00:00:00.000Z,11252,2011102001,6,,,,
EM-3614-LA,3614,LA,EM,2024-09-10T00:00:00.000Z,2024,Hurricane,TROPICAL STORM FRANCINE,FRANCINE,2024-09-10T00:00:00.000Z,2024-09-12T00:00:00.000Z,24148,2024090902,6,,,,
EM-3562-FL,3562,FL,EM,2021-08-16T00:00:00.000Z,2021,Hurricane,TROPICAL STORM FRED,FRED,2021-08-13T00:00:00.000Z,2021-08-19T00:00:00.000Z,21068,2021080901,4,,,,
DR-1609-FL,1609,FL,DR,2005-10-24T00:00:00.000Z,2006,Hurricane,HURRICANE WILMA,WILMA,2005-10-23T00:00:00.000Z,2005-11-18T00:00:00.000Z,5150,2005101801,4,227320,342239388.4,150773551,191465837.4
DR-4040-PR,4040,PR,DR,2011-10-18T00:00:00.000Z,2012,Hurricane,TROPICAL STORM MARIA,MARIA,2011-09-08T00:00:00.000Z,2011-09-14T00:00:00.000Z,11251,2011090902,2,1718,1335491.28,511993.98,823497.3
DR-4806-FL,4806,FL,DR,2024-08-10T00:00:00.000Z,2024,Tropical Storm,HURRICANE DEBBY,DEBBY,2024-08-01T00:00:00.000Z,2024-08-27T00:00:00.000Z,24120,2024072801,4,16355,56771174.62,25957942.11,30813232.51
DR-4037-DE,4037,DE,DR,2011-09-30T00:00:00.000Z,2011,Hurricane,HURRICANE IRENE,IRENE,2011-08-25T00:00:00.000Z,2011-08-31T00:00:00.000Z,11248,2011082201,3,,,,
DR-4036-DC,4036,DC,DR,2011-09-28T00:00:00.000Z,2011,Hurricane,HURRICANE IRENE,IRENE,2011-08-26T00:00:00.000Z,2011-09-01T00:00:00.000Z,11247,2011082201,3,,,,
DR-4034-MD,4034,MD,DR,2011-09-16T00:00:00.000Z,2011,Hurricane,HURRICANE IRENE,IRENE,2011-08-24T00:00:00.000Z,2011-09-05T00:00:00.000Z,11239,2011082201,3,,,,
DR-4032-ME,4032,ME,DR,2011-09-13T00:00:00.000Z,2011,Hurricane,TROPICAL STORM IRENE,IRENE,2011-08-27T00:00:00.000Z,2011-08-29T00:00:00.000Z,11230,2011082401,1,,,,
DR-4028-MA,4028,MA,DR,2011-09-03T00:00:00.000Z,2011,Hurricane,TROPICAL STORM IRENE,IRENE,2011-08-27T00:00:00.000Z,2011-08-29T00:00:00.000Z,11214,2011082401,1,695,5559369.2,5303982.24,255386.96
DR-4027-RI,4027,RI,DR,2011-09-03T00:00:00.000Z,2011,Hurricane,TROPICAL STORM IRENE,IRENE,2011-08-27T00:00:00.000Z,2011-08-29T00:00:00.000Z,11213,2011082401,1,,,,
DR-4026-NH,4026,NH,DR,2011-09-03T00:00:00.000Z,2011,Hurricane,TROPICAL STORM IRENE,IRENE,2011-08-26T00:00:00.000Z,2011-09-06T00:00:00.000Z,11212,2011082401,1,226,1262644.95,1137683.84,124961.11
DR-4025-PA,4025,PA,DR,2011-09-03T00:00:00.000Z,2011,Hurricane,HURRICANE IRENE,IRENE,2011-08-26T00:00:00.000Z,2011-08-30T00:00:00.000Z,11210,2011082201,3,18273,41528546.57,37917812.34,3610734.23
DR-4024-VA,4024,VA,DR,2011-09-03T00:00:00.000Z,2011,Hurricane,HURRICANE IRENE,IRENE,2011-08-26T00:00:00.000Z,2011-08-28T00:00:00.000Z,11211,2011082201,3,,,,
DR-4023-CT,4023,CT,DR,2011-09-02T00:00:00.000Z,2011,Hurricane,TROPICAL STORM IRENE,IRENE,2011-08-27T00:00:00.000Z,2011-09-01T00:00:00.000Z,11209,2011082401,1,2878,9496114.46,8829702.19,666412.27
DR-4022-VT,4022,VT,DR,2011-09-01T00:00:00.000Z,2011,Hurricane,TROPICAL STORM IRENE,IRENE,2011-08-27T00:00:00.000Z,2011-09-02T00:00:00.000Z,11208,2011082902,1,3640,23207247.52,21623111.95,1584135.57
DR-4020-NY,4020,NY,DR,2011-08-31T00:00:00.000Z,2011,Hurricane,HURRICANE IRENE,IRENE,2011-08-26T00:00:00.000Z,2011-09-05T00:00:00.000Z,11202,2011082201,2,22892,102809877.7,95805556.1,7004321.64
DR-4019-NC,4019,NC,DR,2011-08-31T00:00:00.000Z,2011,Hurricane,HURRICANE IRENE,IRENE,2011-08-25T00:00:00.000Z,2011-09-01T00:00:00.000Z,11200,2011082201,4,10270,37238654.89,31056287.45,6182367.44
DR-4017-PR,4017,PR,DR,2011-08-27T00:00:00.000Z,2011,Hurricane,HURRICANE IRENE,IRENE,2011-08-21T00:00:00.000Z,2011-08-24T00:00:00.000Z,11189,2011082201,2,27590,33464676.55,15360258.73,18104417.82
EM-3588-FL,3588,FL,EM,2022-11-09T00:00:00.000Z,2023,Tropical Storm,SEMINOLE TRIBE OF FLORIDA TROPICAL STORM NICOLE,NICOLE,2022-11-07T00:00:00.000Z,,22102,2022110701,4,,,,
EM-3587-FL,3587,FL,EM,2022-11-08T00:00:00.000Z,2023,Tropical Storm,TROPICAL STORM NICOLE,NICOLE,2022-11-07T00:00:00.000Z,2022-11-30T00:00:00.000Z,22101,2022110701,4,,,,
EM-3586-NC,3586,NC,EM,2022-10-01T00:00:00.000Z,2023,Hurricane,HURRICANE IAN,IAN,2022-09-28T00:00:00.000Z,2022-10-04T00:00:00.000Z,22091,2022092201,4,,,,
EM-3584-FL,3584,FL,EM,2022-09-24T00:00:00.000Z,2022,Hurricane,TROPICAL STORM IAN,IAN,2022-09-23T00:00:00.000Z,2022-11-04T00:00:00.000Z,22087,2022092201,4,,,,
EM-3534-NC,3534,NC,EM,2020-08-02T00:00:00.000Z,2020,Hurricane,HURRICANE ISAIAS,ISAIAS,2020-07-31T00:00:00.000Z,2020-08-04T00:00:00.000Z,20220,2020072601,4,,,,
EM-3423-NC,3423,NC,EM,2019-09-03T00:00:00.000Z,2019,Hurricane,HURRICANE DORIAN ,DORIAN,2019-09-01T00:00:00.000Z,2019-09-09T00:00:00.000Z,19077,2019082401,4,,,,
EM-3421-SC,3421,SC,EM,2019-09-01T00:00:00.000Z,2019,Hurricane,HURRICANE DORIAN ,DORIAN,2019-08-31T00:00:00.000Z,2019-09-06T00:00:00.000Z,19075,2019082401,4,,,,
EM-3400-SC,3400,SC,EM,2018-09-10T00:00:00.000Z,2018,Hurricane,HURRICANE FLORENCE,FLORENCE,2018-09-08T00:00:00.000Z,2018-10-08T00:00:00.000Z,18097,2018090602,4,,,,
EM-3386-SC,3386,SC,EM,2017-09-07T00:00:00.000Z,2017,Hurricane,HURRICANE IRMA,IRMA,2017-09-06T00:00:00.000Z,2017-09-13T00:00:00.000Z,17098,2017083101,4,,,,
EM-3378-SC,3378,SC,EM,2016-10-06T00:00:00.000Z,2017,Hurricane,HURRICANE MATTHEW,MATTHEW,2016-10-04T00:00:00.000Z,2016-10-30T00:00:00.000Z,16095,2016092802,4,,,,
DR-1490-NC,1490,NC,DR,2003-09-18T00:00:00.000Z,2003,Hurricane,HURRICANE ISABEL,ISABEL,2003-09-18T00:00:00.000Z,2003-09-26T00:00:00.000Z,3109,2003091101,4,25950,45380866.63,23122365.52,22258501.11
DR-4021-NJ,4021,NJ,DR,2011-08-31T00:00:00.000Z,2011,Hurricane,HURRICANE IRENE,IRENE,2011-08-27T00:00:00.000Z,2011-09-05T00:00:00.000Z,11201,2011082201,2,49267,176786317.6,162548239,14238078.65
EM-3422-GA,3422,GA,EM,2019-09-01T00:00:00.000Z,2019,Hurricane,HURRICANE DORIAN ,DORIAN,2019-08-29T00:00:00.000Z,2019-09-07T00:00:00.000Z,19076,2019082401,4,,,,
EM-3419-FL,3419,FL,EM,2019-08-30T00:00:00.000Z,2019,Hurricane,HURRICANE DORIAN ,DORIAN,2019-08-28T00:00:00.000Z,2019-09-09T00:00:00.000Z,19072,2019082401,4,,,,
EM-3399-HI,3399,HI,EM,2018-08-22T00:00:00.000Z,2018,Hurricane,HURRICANE LANE,LANE,2018-08-22T00:00:00.000Z,2018-08-29T00:00:00.000Z,18092,2018081701,9,,,,
DR-4835-SC,4835,SC,DR,2024-09-29T00:00:00.000Z,2024,Tropical Storm,TROPICAL STORM DEBBY,DEBBY,2024-08-04T00:00:00.000Z,2024-08-22T00:00:00.000Z,24153,2024072801,4,,,,
DR-4837-NC,4837,NC,DR,2024-10-19T00:00:00.000Z,2025,Tropical Storm,POTENTIAL TROPICAL CYCLONE EIGHT,EIGHT,2024-09-16T00:00:00.000Z,2024-09-20T00:00:00.000Z,24183,2024100401,4,,,,
EM-3609-VT,3609,VT,EM,2024-08-08T00:00:00.000Z,2024,Tropical Storm,TROPICAL DEPRESSION DEBBY,DEBBY,2024-08-08T00:00:00.000Z,2024-08-10T00:00:00.000Z,24117,2024072801,1,,,,
EM-3608-NC,3608,NC,EM,2024-08-06T00:00:00.000Z,2024,Tropical Storm,TROPICAL STORM DEBBY,DEBBY,2024-08-05T00:00:00.000Z,2024-08-19T00:00:00.000Z,24114,2024072801,4,,,,
EM-3618-AL,3618,AL,EM,2024-09-26T00:00:00.000Z,2024,Hurricane,HURRICANE HELENE,HELENE,2024-09-22T00:00:00.000Z,2024-09-29T00:00:00.000Z,24163,2024092301,4,,,,
DR-4831-VA,4831,VA,DR,2024-10-01T00:00:00.000Z,2025,Tropical Storm,TROPICAL STORM HELENE,HELENE,2024-09-25T00:00:00.000Z,2024-10-03T00:00:00.000Z,24174,2024092301,3,4394,15503920.78,8551188.27,6952732.51
DR-4841-VI,4841,VI,DR,2024-10-25T00:00:00.000Z,2025,Tropical Storm,TROPICAL STORM ERNESTO,ERNESTO,2024-08-13T00:00:00.000Z,2024-08-16T00:00:00.000Z,24155,2024080901,2,,,,
EM-3602-MP,3602,MP,EM,2023-10-08T00:00:00.000Z,2024,Tropical Storm,TROPICAL STORM BOLAVEN,BOLAVEN,2023-10-09T00:00:00.000Z,2023-10-16T00:00:00.000Z,23130,2023100501,9,,,,
EM-3601-GU,3601,GU,EM,2023-10-08T00:00:00.000Z,2024,Tropical Storm,TROPICAL STORM BOLAVEN,BOLAVEN,2023-10-08T00:00:00.000Z,2023-10-16T00:00:00.000Z,23129,2023100501,9,,,,
EM-3599-MA,3599,MA,EM,2023-09-15T00:00:00.000Z,2023,Hurricane,HURRICANE LEE,LEE,2023-09-15T00:00:00.000Z,2023-09-17T00:00:00.000Z,23123,2023090401,1,,,,
EM-3598-ME,3598,ME,EM,2023-09-14T00:00:00.000Z,2023,Hurricane,HURRICANE LEE,LEE,2023-09-15T00:00:00.000Z,2023-09-17T00:00:00.000Z,23122,2023090401,1,,,,
EM-3597-SC,3597,SC,EM,2023-08-31T00:00:00.000Z,2023,Hurricane,HURRICANE IDALIA,IDALIA,2023-08-29T00:00:00.000Z,2023-09-03T00:00:00.000Z,23112,2023082403,4,,,,
EM-3596-FL,3596,FL,EM,2023-08-28T00:00:00.000Z,2023,Tropical Storm,TROPICAL STORM IDALIA,IDALIA,2023-08-27T00:00:00.000Z,2023-09-04T00:00:00.000Z,23108,2023082403,4,,,,
EM-3594-GU,3594,GU,EM,2023-05-22T00:00:00.000Z,2023,Tropical Storm,TYPHOON MAWAR,MAWAR,2023-05-22T00:00:00.000Z,2023-05-29T00:00:00.000Z,23053,2023051801,9,,,,
EM-3593-MP,3593,MP,EM,2023-05-22T00:00:00.000Z,2023,Tropical Storm,TYPHOON MAWAR,MAWAR,2023-05-22T00:00:00.000Z,2023-05-29T00:00:00.000Z,23052,2023051801,9,,,,
EM-3585-SC,3585,SC,EM,2022-09-29T00:00:00.000Z,2022,Hurricane,HURRICANE IAN,IAN,2022-09-25T00:00:00.000Z,2022-10-04T00:00:00.000Z,22089,2022092201,4,,,,
EM-3583-PR,3583,PR,EM,2022-09-18T00:00:00.000Z,2022,Hurricane,TROPICAL STORM FIONA,FIONA,2022-09-17T00:00:00.000Z,2022-09-21T00:00:00.000Z,22084,2022091201,2,,,,
EM-3574-LA,3574,LA,EM,2021-09-13T00:00:00.000Z,2021,Coastal Storm,TROPICAL STORM NICHOLAS,NICHOLAS,2021-09-12T00:00:00.000Z,2021-09-18T00:00:00.000Z,21101,2021091001,6,,,,
EM-3573-NJ,3573,NJ,EM,2021-09-02T00:00:00.000Z,2021,Hurricane,REMNANTS OF HURRICANE IDA,IDA,2021-09-01T00:00:00.000Z,2021-09-03T00:00:00.000Z,21094,2021082601,2,,,,
EM-3572-NY,3572,NY,EM,2021-09-02T00:00:00.000Z,2021,Hurricane,REMNANTS OF HURRICANE IDA,IDA,2021-09-01T00:00:00.000Z,2021-09-03T00:00:00.000Z,21093,2021082601,2,,,,
EM-3569-MS,3569,MS,EM,2021-08-28T00:00:00.000Z,2021,Hurricane,HURRICANE IDA,IDA,2021-08-28T00:00:00.000Z,2021-09-01T00:00:00.000Z,21090,2021082601,4,,,,
EM-3565-NY,3565,NY,EM,2021-08-22T00:00:00.000Z,2021,Hurricane,HURRICANE HENRI,HENRI,2021-08-21T00:00:00.000Z,2021-08-24T00:00:00.000Z,21083,2021081902,2,,,,
EM-3564-CT,3564,CT,EM,2021-08-22T00:00:00.000Z,2021,Hurricane,HURRICANE HENRI,HENRI,2021-08-21T00:00:00.000Z,2021-08-24T00:00:00.000Z,21082,2021081902,1,,,,
EM-3551-FL,3551,FL,EM,2020-11-11T00:00:00.000Z,2021,Hurricane,HURRICANE ETA,ETA,2020-11-07T00:00:00.000Z,2020-11-12T00:00:00.000Z,20321,2020110501,4,,,,
EM-3550-MS,3550,MS,EM,2020-10-28T00:00:00.000Z,2021,Hurricane,HURRICANE ZETA,ZETA,2020-10-27T00:00:00.000Z,2020-10-29T00:00:00.000Z,20319,2020102601,4,,,,
EM-3549-LA,3549,LA,EM,2020-10-27T00:00:00.000Z,2021,Hurricane,TROPICAL STORM ZETA,ZETA,2020-10-26T00:00:00.000Z,2020-10-29T00:00:00.000Z,20318,2020102601,6,,,,
EM-3548-MS,3548,MS,EM,2020-10-08T00:00:00.000Z,2021,Hurricane,HURRICANE DELTA ,DELTA,2020-10-07T00:00:00.000Z,2020-10-11T00:00:00.000Z,20308,2020100501,4,,,,
EM-3547-LA,3547,LA,EM,2020-10-07T00:00:00.000Z,2021,Hurricane,HURRICANE DELTA ,DELTA,2020-10-06T00:00:00.000Z,2020-10-10T00:00:00.000Z,20307,2020100501,6,,,,
EM-3546-FL,3546,FL,EM,2020-09-15T00:00:00.000Z,2020,Hurricane,HURRICANE SALLY,SALLY,2020-09-14T00:00:00.000Z,2020-09-28T00:00:00.000Z,20293,2020091301,4,,,,
EM-3545-AL,3545,AL,EM,2020-09-14T00:00:00.000Z,2020,Hurricane,HURRICANE SALLY,SALLY,2020-09-14T00:00:00.000Z,2020-09-16T00:00:00.000Z,20291,2020091301,4,,,,
EM-3544-MS,3544,MS,EM,2020-09-14T00:00:00.000Z,2020,Hurricane,HURRICANE SALLY,SALLY,2020-09-14T00:00:00.000Z,2020-09-17T00:00:00.000Z,20288,2020091301,4,,,,
EM-3541-AR,3541,AR,EM,2020-08-27T00:00:00.000Z,2020,Hurricane,HURRICANE LAURA,LAURA,2020-08-26T00:00:00.000Z,2020-08-28T00:00:00.000Z,20250,2020081804,6,,,,
EM-3540-TX,3540,TX,EM,2020-08-24T00:00:00.000Z,2020,Hurricane,TROPICAL STORMS MARCO AND LAURA,MARCO,2020-08-23T00:00:00.000Z,2020-08-27T00:00:00.000Z,20245,2020081804,6,,,,
EM-3539-MS,3539,MS,EM,2020-08-23T00:00:00.000Z,2020,Hurricane,HURRICANE MARCO AND TROPICAL STORM LAURA,LAURA,2020-08-23T00:00:00.000Z,2020-08-29T00:00:00.000Z,20243,2020081804,4,,,,
EM-3538-LA,3538,LA,EM,2020-08-23T00:00:00.000Z,2020,Hurricane,TROPICAL STORMS LAURA  AND MARCO,LAURA,2020-08-22T00:00:00.000Z,2020-08-27T00:00:00.000Z,20242,2020081804,6,,,,
EM-3537-PR,3537,PR,EM,2020-08-22T00:00:00.000Z,2020,Hurricane,TROPICAL STORM LAURA,LAURA,2020-08-21T00:00:00.000Z,2020-08-23T00:00:00.000Z,20241,2020081804,2,,,,
EM-3535-CT,3535,CT,EM,2020-08-06T00:00:00.000Z,2020,Hurricane,TROPICAL STORM ISAIAS,ISAIAS,2020-08-04T00:00:00.000Z,2020-08-04T00:00:00.000Z,20225,2020072601,1,,,,
EM-3533-FL,3533,FL,EM,2020-08-01T00:00:00.000Z,2020,Hurricane,HURRICANE ISAIAS,ISAIAS,2020-07-31T00:00:00.000Z,2020-08-04T00:00:00.000Z,20219,2020072601,4,,,,
EM-3532-PR,3532,PR,EM,2020-07-29T00:00:00.000Z,2020,Hurricane,POTENTIAL TROPICAL CYCLONE NINE,NINE,2020-07-27T00:00:00.000Z,2020-07-31T00:00:00.000Z,20218,2020072601,2,,,,
EM-3531-VI,3531,VI,EM,2020-07-29T00:00:00.000Z,2020,Hurricane,POTENTIAL TROPICAL CYCLONE NINE,NINE,2020-07-27T00:00:00.000Z,2020-07-31T00:00:00.000Z,20216,2020072601,2,,,,
EM-3530-TX,3530,TX,EM,2020-07-26T00:00:00.000Z,2020,Hurricane,HURRICANE HANNA,HANNA,2020-07-25T00:00:00.000Z,2020-07-31T00:00:00.000Z,20215,2020072502,6,,,,
EM-3529-HI,3529,HI,EM,2020-07-25T00:00:00.000Z,2020,Hurricane,HURRICANE DOUGLAS,DOUGLAS,2020-07-23T00:00:00.000Z,2020-07-27T00:00:00.000Z,20214,2020072001,9,,,,
EM-3527-LA,3527,LA,EM,2020-06-07T00:00:00.000Z,2020,Coastal Storm,TROPICAL STORM CRISTOBAL ,CRISTOBAL,2020-06-05T00:00:00.000Z,2020-06-09T00:00:00.000Z,20193,2020060302,6,,,,
EM-3420-FL,3420,FL,EM,2019-08-31T00:00:00.000Z,2019,Hurricane,HURRICANE DORIAN ,DORIAN,2019-08-28T00:00:00.000Z,2019-09-04T00:00:00.000Z,19074,2019082401,4,,,,
EM-3418-VI,3418,VI,EM,2019-08-28T00:00:00.000Z,2019,Hurricane,HURRICANE DORIAN ,DORIAN,2019-08-26T00:00:00.000Z,2019-09-06T00:00:00.000Z,19069,2019082401,2,,,,
EM-3416-LA,3416,LA,EM,2019-07-11T00:00:00.000Z,2019,Coastal Storm,TROPICAL STORM BARRY,BARRY,2019-07-10T00:00:00.000Z,2019-07-15T00:00:00.000Z,19050,2019070902,6,,,,
EM-3407-AL,3407,AL,EM,2018-10-12T00:00:00.000Z,2019,Hurricane,HURRICANE MICHAEL,MICHAEL,2018-10-10T00:00:00.000Z,2018-10-13T00:00:00.000Z,18114,2018100601,4,,,,
EM-3397-AS,3397,AS,EM,2018-02-11T00:00:00.000Z,2018,Hurricane,TROPICAL STORM GITA,GITA,2018-02-07T00:00:00.000Z,2018-02-12T00:00:00.000Z,18006,2018020901,9,,,,
EM-3395-FL,3395,FL,EM,2017-10-08T00:00:00.000Z,2018,Hurricane,HURRICANE NATE,NATE,2017-10-07T00:00:00.000Z,2017-10-11T00:00:00.000Z,17124,2017100401,4,,,,
EM-3394-AL,3394,AL,EM,2017-10-08T00:00:00.000Z,2018,Hurricane,HURRICANE NATE,NATE,2017-10-06T00:00:00.000Z,2017-10-10T00:00:00.000Z,17122,2017100401,4,,,,
EM-3393-MS,3393,MS,EM,2017-10-07T00:00:00.000Z,2018,Hurricane,HURRICANE NATE,NATE,2017-10-06T00:00:00.000Z,2017-10-10T00:00:00.000Z,17123,2017100401,4,,,,
EM-3392-LA,3392,LA,EM,2017-10-06T00:00:00.000Z,2018,Hurricane,TROPICAL STORM NATE,NATE,2017-10-05T00:00:00.000Z,2017-10-08T00:00:00.000Z,17121,2017100401,6,,,,
EM-3391-PR,3391,PR,EM,2017-09-18T00:00:00.000Z,2017,Hurricane,HURRICANE MARIA,MARIA,2017-09-17T00:00:00.000Z,2017-11-15T00:00:00.000Z,17115,2017091701,2,,,,
EM-3390-VI,3390,VI,EM,2017-09-18T00:00:00.000Z,2017,Hurricane,HURRICANE MARIA,MARIA,2017-09-16T00:00:00.000Z,2017-09-22T00:00:00.000Z,17114,2017091701,2,,,,
EM-3389-AL,3389,AL,EM,2017-09-11T00:00:00.000Z,2017,Hurricane,HURRICANE IRMA,IRMA,2017-09-08T00:00:00.000Z,2017-09-14T00:00:00.000Z,17104,2017083101,4,,,,
EM-3388-FL,3388,FL,EM,2017-09-08T00:00:00.000Z,2017,Hurricane,HURRICANE IRMA,IRMA,2017-09-04T00:00:00.000Z,2017-10-04T00:00:00.000Z,17101,2017083101,4,,,,
EM-3387-GA,3387,GA,EM,2017-09-08T00:00:00.000Z,2017,Hurricane,HURRICANE IRMA,IRMA,2017-09-07T00:00:00.000Z,2017-09-20T00:00:00.000Z,17100,2017083101,4,,,,
EM-3385-FL,3385,FL,EM,2017-09-05T00:00:00.000Z,2017,Hurricane,HURRICANE IRMA,IRMA,2017-09-04T00:00:00.000Z,2017-10-18T00:00:00.000Z,17094,2017083101,4,,,,
EM-3384-PR,3384,PR,EM,2017-09-05T00:00:00.000Z,2017,Hurricane,HURRICANE IRMA,IRMA,2017-09-05T00:00:00.000Z,2017-09-07T00:00:00.000Z,17095,2017083101,2,,,,
EM-3383-VI,3383,VI,EM,2017-09-05T00:00:00.000Z,2017,Hurricane,HURRICANE IRMA,IRMA,2017-09-05T00:00:00.000Z,2017-09-07T00:00:00.000Z,17096,2017083101,2,,,,
EM-3382-LA,3382,LA,EM,2017-08-28T00:00:00.000Z,2017,Hurricane,TROPICAL STORM HARVEY,HARVEY,2017-08-27T00:00:00.000Z,2017-09-10T00:00:00.000Z,17085,2017082301,6,,,,
EM-3380-NC,3380,NC,EM,2016-10-07T00:00:00.000Z,2017,Hurricane,HURRICANE MATTHEW,MATTHEW,2016-10-04T00:00:00.000Z,2016-10-24T00:00:00.000Z,16097,2016092802,4,,,,
EM-3379-GA,3379,GA,EM,2016-10-06T00:00:00.000Z,2017,Hurricane,HURRICANE MATTHEW,MATTHEW,2016-10-04T00:00:00.000Z,2016-10-15T00:00:00.000Z,16099,2016092802,4,,,,
EM-3377-FL,3377,FL,EM,2016-10-06T00:00:00.000Z,2017,Hurricane,HURRICANE MATTHEW,MATTHEW,2016-10-03T00:00:00.000Z,2016-10-19T00:00:00.000Z,16098,2016092802,4,,,,
EM-3621-VA,3621,VA,EM,2024-09-29T00:00:00.000Z,2024,Tropical Storm,POST-TROPICAL CYCLONE HELENE,HELENE,2024-09-25T00:00:00.000Z,2024-10-03T00:00:00.000Z,24168,2024092301,3,,,,
EM-3360-NH,3360,NH,EM,2012-10-30T00:00:00.000Z,2013,Hurricane,HURRICANE SANDY,SANDY,2012-10-26T00:00:00.000Z,2012-10-31T00:00:00.000Z,12115,2012102505,1,,,,
EM-3359-VA,3359,VA,EM,2012-10-29T00:00:00.000Z,2013,Hurricane,HURRICANE SANDY,SANDY,2012-10-26T00:00:00.000Z,2012-11-01T00:00:00.000Z,12112,2012102505,3,,,,
EM-3358-WV,3358,WV,EM,2012-10-29T00:00:00.000Z,2013,Hurricane,HURRICANE SANDY,SANDY,2012-10-29T00:00:00.000Z,2012-11-08T00:00:00.000Z,12110,2012102505,3,,,,
EM-3357-DE,3357,DE,EM,2012-10-29T00:00:00.000Z,2013,Hurricane,HURRICANE SANDY,SANDY,2012-10-27T00:00:00.000Z,2012-11-08T00:00:00.000Z,12109,2012102505,3,,,,
EM-3356-PA,3356,PA,EM,2012-10-29T00:00:00.000Z,2013,Hurricane,HURRICANE SANDY,SANDY,2012-10-26T00:00:00.000Z,2012-11-08T00:00:00.000Z,12106,2012102505,3,,,,
EM-3355-RI,3355,RI,EM,2012-10-29T00:00:00.000Z,2013,Hurricane,HURRICANE SANDY,SANDY,2012-10-26T00:00:00.000Z,2012-11-08T00:00:00.000Z,12104,2012102505,1,,,,
EM-3354-NJ,3354,NJ,EM,2012-10-28T00:00:00.000Z,2013,Hurricane,HURRICANE SANDY,SANDY,2012-10-26T00:00:00.000Z,2012-11-08T00:00:00.000Z,12107,2012102505,2,,,,
EM-3353-CT,3353,CT,EM,2012-10-28T00:00:00.000Z,2013,Hurricane,HURRICANE SANDY,SANDY,2012-10-27T00:00:00.000Z,2012-11-08T00:00:00.000Z,12105,2012102505,1,,,,
EM-3352-DC,3352,DC,EM,2012-10-28T00:00:00.000Z,2013,Hurricane,HURRICANE SANDY,SANDY,2012-10-28T00:00:00.000Z,2012-10-31T00:00:00.000Z,12103,2012102505,3,,,,
EM-3351-NY,3351,NY,EM,2012-10-28T00:00:00.000Z,2013,Hurricane,HURRICANE SANDY,SANDY,2012-10-27T00:00:00.000Z,2012-11-08T00:00:00.000Z,12108,2012102505,2,,,,
EM-3350-MA,3350,MA,EM,2012-10-28T00:00:00.000Z,2013,Hurricane,HURRICANE SANDY,SANDY,2012-10-27T00:00:00.000Z,2012-11-08T00:00:00.000Z,12102,2012102505,1,,,,
EM-3349-MD,3349,MD,EM,2012-10-28T00:00:00.000Z,2013,Hurricane,HURRICANE SANDY,SANDY,2012-10-26T00:00:00.000Z,2012-11-08T00:00:00.000Z,12101,2012102505,3,,,,
EM-3348-MS,3348,MS,EM,2012-08-28T00:00:00.000Z,2012,Hurricane,TROPICAL STORM ISAAC,ISAAC,2012-08-26T00:00:00.000Z,2012-09-11T00:00:00.000Z,12076,2012082201,4,,,,
EM-3347-LA,3347,LA,EM,2012-08-27T00:00:00.000Z,2012,Hurricane,TROPICAL STORM ISAAC,ISAAC,2012-08-26T00:00:00.000Z,2012-09-10T00:00:00.000Z,12075,2012082601,6,,,,
EM-3339-PA,3339,PA,EM,2011-08-29T00:00:00.000Z,2011,Hurricane,HURRICANE IRENE,IRENE,2011-08-26T00:00:00.000Z,2011-09-14T00:00:00.000Z,11199,2011082201,3,,,,
EM-3338-VT,3338,VT,EM,2011-08-29T00:00:00.000Z,2011,Hurricane,HURRICANE IRENE,IRENE,2011-08-26T00:00:00.000Z,2011-09-02T00:00:00.000Z,11198,2011082401,1,,,,
EM-3337-DC,3337,DC,EM,2011-08-28T00:00:00.000Z,2011,Hurricane,HURRICANE IRENE,IRENE,2011-08-26T00:00:00.000Z,2011-09-01T00:00:00.000Z,11197,2011082201,3,,,,
EM-3336-DE,3336,DE,EM,2011-08-28T00:00:00.000Z,2011,Hurricane,HURRICANE IRENE,IRENE,2011-08-26T00:00:00.000Z,2011-08-31T00:00:00.000Z,11196,2011082201,3,,,,
EM-3335-MD,3335,MD,EM,2011-08-27T00:00:00.000Z,2011,Hurricane,HURRICANE IRENE,IRENE,2011-08-26T00:00:00.000Z,2011-09-05T00:00:00.000Z,11192,2011082201,3,,,,
EM-3334-RI,3334,RI,EM,2011-08-27T00:00:00.000Z,2011,Hurricane,HURRICANE IRENE,IRENE,2011-08-26T00:00:00.000Z,2011-08-29T00:00:00.000Z,11195,2011082401,1,,,,
EM-3332-NJ,3332,NJ,EM,2011-08-27T00:00:00.000Z,2011,Hurricane,HURRICANE IRENE,IRENE,2011-08-26T00:00:00.000Z,2011-09-05T00:00:00.000Z,11190,2011082201,2,,,,
EM-3331-CT,3331,CT,EM,2011-08-27T00:00:00.000Z,2011,Hurricane,HURRICANE IRENE,IRENE,2011-08-26T00:00:00.000Z,2011-09-01T00:00:00.000Z,11193,2011082401,1,,,,
EM-3330-MA,3330,MA,EM,2011-08-26T00:00:00.000Z,2011,Hurricane,HURRICANE IRENE,IRENE,2011-08-26T00:00:00.000Z,2011-09-05T00:00:00.000Z,11188,2011082401,1,,,,
EM-3329-VA,3329,VA,EM,2011-08-26T00:00:00.000Z,2011,Hurricane,HURRICANE IRENE,IRENE,2011-08-26T00:00:00.000Z,2011-09-04T00:00:00.000Z,11191,2011082201,3,,,,
EM-3328-NY,3328,NY,EM,2011-08-26T00:00:00.000Z,2011,Hurricane,HURRICANE IRENE,IRENE,2011-08-25T00:00:00.000Z,2011-09-05T00:00:00.000Z,11187,2011082201,2,,,,
EM-3327-NC,3327,NC,EM,2011-08-25T00:00:00.000Z,2011,Hurricane,HURRICANE IRENE,IRENE,2011-08-25T00:00:00.000Z,2011-09-01T00:00:00.000Z,11186,2011082201,4,,,,
EM-3326-PR,3326,PR,EM,2011-08-22T00:00:00.000Z,2011,Hurricane,HURRICANE IRENE,IRENE,2011-08-21T00:00:00.000Z,2011-08-24T00:00:00.000Z,11185,2011082201,2,,,,
EM-3315-MA,3315,MA,EM,2010-09-02T00:00:00.000Z,2010,Hurricane,HURRICANE EARL,EARL,2010-09-01T00:00:00.000Z,2010-09-04T00:00:00.000Z,10097,2010083102,1,,,,
EM-3314-NC,3314,NC,EM,2010-09-01T00:00:00.000Z,2010,Hurricane,HURRICANE EARL,EARL,2010-09-01T00:00:00.000Z,2010-09-04T00:00:00.000Z,10096,2010083001,4,,,,
EM-3313-TX,3313,TX,EM,2010-06-29T00:00:00.000Z,2010,Hurricane,TROPICAL STORM ALEX,ALEX,2010-06-27T00:00:00.000Z,2010-08-14T00:00:00.000Z,10071,2010062802,6,,,,
EM-3295-LA,3295,LA,EM,2008-09-11T00:00:00.000Z,2008,Hurricane,HURRICANE IKE,IKE,2008-09-07T00:00:00.000Z,2008-11-07T00:00:00.000Z,8145,2008090202,6,,,,
EM-3294-TX,3294,TX,EM,2008-09-10T00:00:00.000Z,2008,Hurricane,HURRICANE IKE,IKE,2008-09-07T00:00:00.000Z,2008-09-26T00:00:00.000Z,8146,2008090202,6,,,,
EM-3293-FL,3293,FL,EM,2008-09-07T00:00:00.000Z,2008,Hurricane,HURRICANE IKE,IKE,2008-09-05T00:00:00.000Z,2008-09-12T00:00:00.000Z,8143,2008090202,4,,,,
EM-3292-AL,3292,AL,EM,2008-08-30T00:00:00.000Z,2008,Hurricane,HURRICANE GUSTAV,GUSTAV,2008-08-29T00:00:00.000Z,2008-09-03T00:00:00.000Z,8135,2008082602,4,,,,
EM-3291-MS,3291,MS,EM,2008-08-30T00:00:00.000Z,2008,Hurricane,HURRICANE GUSTAV,GUSTAV,2008-08-28T00:00:00.000Z,2008-09-08T00:00:00.000Z,8134,2008082602,4,,,,
EM-3290-TX,3290,TX,EM,2008-08-29T00:00:00.000Z,2008,Hurricane,HURRICANE GUSTAV,GUSTAV,2008-08-27T00:00:00.000Z,2008-09-07T00:00:00.000Z,8133,2008082602,6,,,,
EM-3289-LA,3289,LA,EM,2008-08-29T00:00:00.000Z,2008,Hurricane,HURRICANE GUSTAV,GUSTAV,2008-08-27T00:00:00.000Z,2008-09-11T00:00:00.000Z,8132,2008082602,6,,,,
EM-3277-TX,3277,TX,EM,2007-08-18T00:00:00.000Z,2007,Hurricane,HURRICANE DEAN,DEAN,2007-08-17T00:00:00.000Z,2007-09-05T00:00:00.000Z,7888,2007081302,6,,,,
EM-3263-DE,3263,DE,EM,2005-09-30T00:00:00.000Z,2005,Hurricane,HURRICANE KATRINA EVACUATION,KATRINA,2005-08-29T00:00:00.000Z,2005-10-01T00:00:00.000Z,5138,2005082401,3,,,,
EM-3262-NY,3262,NY,EM,2005-09-30T00:00:00.000Z,2005,Hurricane,HURRICANE KATRINA EVACUATION,KATRINA,2005-08-29T00:00:00.000Z,2005-10-01T00:00:00.000Z,5134,2005091601,2,,,,
EM-3261-TX,3261,TX,EM,2005-09-21T00:00:00.000Z,2005,Hurricane,HURRICANE RITA,RITA,2005-09-20T00:00:00.000Z,2005-10-14T00:00:00.000Z,5137,2005091801,6,,,,
EM-3260-LA,3260,LA,EM,2005-09-21T00:00:00.000Z,2005,Hurricane,HURRICANE RITA,RITA,2005-09-20T00:00:00.000Z,2005-11-01T00:00:00.000Z,5136,2005091801,6,,,,
EM-3259-FL,3259,FL,EM,2005-09-20T00:00:00.000Z,2005,Hurricane,TROPICAL STORM RITA ,RITA,2005-09-18T00:00:00.000Z,2005-10-23T00:00:00.000Z,5132,2005091801,4,,,,
EM-3258-NH,3258,NH,EM,2005-09-19T00:00:00.000Z,2005,Hurricane,HURRICANE KATRINA EVACUATION,KATRINA,2005-08-29T00:00:00.000Z,2005-10-01T00:00:00.000Z,5130,2005091501,1,,,,
EM-3257-NJ,3257,NJ,EM,2005-09-19T00:00:00.000Z,2005,Hurricane,HURRICANE KATRINA EVACUATION,KATRINA,2005-08-29T00:00:00.000Z,2005-10-01T00:00:00.000Z,5131,2005091601,2,,,,
EM-3256-ME,3256,ME,EM,2005-09-19T00:00:00.000Z,2005,Hurricane,HURRICANE KATRINA EVACUATION,KATRINA,2005-08-29T00:00:00.000Z,2005-10-01T00:00:00.000Z,5128,2005091201,1,,,,
EM-3255-RI,3255,RI,EM,2005-09-19T00:00:00.000Z,2005,Hurricane,HURRICANE KATRINA EVACUATION,KATRINA,2005-08-29T00:00:00.000Z,2005-10-01T00:00:00.000Z,5123,2005091004,1,,,,
EM-3254-NC,3254,NC,EM,2005-09-14T00:00:00.000Z,2005,Hurricane,HURRICANE OPHELIA,OPHELIA,2005-09-11T00:00:00.000Z,2005-09-17T00:00:00.000Z,5129,2005091001,4,,,,
EM-3253-MT,3253,MT,EM,2005-09-13T00:00:00.000Z,2005,Hurricane,HURRICANE KATRINA EVACUATION,KATRINA,2005-08-29T00:00:00.000Z,2005-10-01T00:00:00.000Z,5127,2005091102,8,,,,
EM-3252-MA,3252,MA,EM,2005-09-13T00:00:00.000Z,2005,Hurricane,HURRICANE KATRINA EVACUATION,KATRINA,2005-08-29T00:00:00.000Z,2005-10-01T00:00:00.000Z,5121,2005091003,1,,,,
EM-3251-MD,3251,MD,EM,2005-09-13T00:00:00.000Z,2005,Hurricane,HURRICANE KATRINA EVACUATION,KATRINA,2005-08-29T00:00:00.000Z,2005-10-01T00:00:00.000Z,5124,2005082401,3,,,,
EM-3250-OH,3250,OH,EM,2005-09-13T00:00:00.000Z,2005,Hurricane,HURRICANE KATRINA EVACUATION,KATRINA,2005-08-29T00:00:00.000Z,2005-10-01T00:00:00.000Z,5119,2005090902,5,,,,
EM-3249-WI,3249,WI,EM,2005-09-13T00:00:00.000Z,2005,Hurricane,HURRICANE KATRINA EVACUATION,KATRINA,2005-08-29T00:00:00.000Z,2005-10-01T00:00:00.000Z,5118,2005090901,5,,,,
EM-3248-CA,3248,CA,EM,2005-09-13T00:00:00.000Z,2005,Hurricane,HURRICANE KATRINA EVACUATION,KATRINA,2005-08-29T00:00:00.000Z,2005-10-01T00:00:00.000Z,5117,2005090804,9,,,,
EM-3247-ND,3247,ND,EM,2005-09-13T00:00:00.000Z,2005,Coastal Storm,HURRICANE KATRINA EVACUATION,KATRINA,2005-08-29T00:00:00.000Z,2005-10-01T00:00:00.000Z,5126,2005091103,8,,,,
EM-3246-CT,3246,CT,EM,2005-09-13T00:00:00.000Z,2005,Hurricane,HURRICANE KATRINA EVACUATION,KATRINA,2005-08-29T00:00:00.000Z,2005-10-01T00:00:00.000Z,5122,2005091002,1,,,,
EM-3245-NE,3245,NE,EM,2005-09-13T00:00:00.000Z,2005,Hurricane,HURRICANE KATRINA EVACUEES,KATRINA,2005-08-29T00:00:00.000Z,2005-10-01T00:00:00.000Z,5120,2005090806,7,,,,
EM-3244-ID,3244,ID,EM,2005-09-13T00:00:00.000Z,2005,Hurricane,HURRICANE KATRINA,KATRINA,2005-08-29T00:00:00.000Z,2005-10-01T00:00:00.000Z,5125,2005091101,10,,,,
EM-3243-NV,3243,NV,EM,2005-09-13T00:00:00.000Z,2005,Hurricane,HURRICANE KATRINA EVACUATION,KATRINA,2005-08-29T00:00:00.000Z,2005-10-01T00:00:00.000Z,5115,2005090805,9,,,,
EM-3242-MN,3242,MN,EM,2005-09-13T00:00:00.000Z,2005,Hurricane,HURRICANE KATRINA EVACUATION,KATRINA,2005-08-29T00:00:00.000Z,2005-10-01T00:00:00.000Z,5116,2005090803,5,,,,
EM-3241-AZ,3241,AZ,EM,2005-09-12T00:00:00.000Z,2005,Hurricane,HURRICANE KATRINA EVACUATION,KATRINA,2005-08-29T00:00:00.000Z,2005-10-01T00:00:00.000Z,5112,2005090802,9,,,,
EM-3240-VA,3240,VA,EM,2005-09-12T00:00:00.000Z,2005,Hurricane,HURRICANE KATRINA EVACUATION,KATRINA,2005-08-29T00:00:00.000Z,2005-10-01T00:00:00.000Z,5108,2005082401,3,,,,
EM-3239-IA,3239,IA,EM,2005-09-10T00:00:00.000Z,2005,Hurricane,HURRICANE KATRINA EVACUATION,KATRINA,2005-08-29T00:00:00.000Z,2005-10-01T00:00:00.000Z,5114,2005090801,7,,,,
EM-3238-IN,3238,IN,EM,2005-09-10T00:00:00.000Z,2005,Hurricane,HURRICANE KATRINA EVACUATION,KATRINA,2005-08-29T00:00:00.000Z,2005-10-01T00:00:00.000Z,5113,2005090701,5,,,,
EM-3237-AL,3237,AL,EM,2005-09-10T00:00:00.000Z,2005,Hurricane,HURRICANE KATRINA EVACUATION,KATRINA,2005-08-29T00:00:00.000Z,2005-10-01T00:00:00.000Z,5111,2005090603,4,,,,
EM-3236-KS,3236,KS,EM,2005-09-10T00:00:00.000Z,2005,Hurricane,HURRICANE KATRINA EVACUATION,KATRINA,2005-09-01T00:00:00.000Z,2005-10-01T00:00:00.000Z,5110,2005090703,7,,,,
EM-3235-PA,3235,PA,EM,2005-09-10T00:00:00.000Z,2005,Hurricane,HURRICANE KATRINA ,KATRINA,2005-08-29T00:00:00.000Z,2005-10-01T00:00:00.000Z,5101,2005082401,3,,,,
EM-3234-SD,3234,SD,EM,2005-09-10T00:00:00.000Z,2005,Coastal Storm,HURRICANE KATRINA EVACUATION,KATRINA,2005-09-06T00:00:00.000Z,2005-10-01T00:00:00.000Z,5105,2005090605,8,,,,
EM-3233-SC,3233,SC,EM,2005-09-10T00:00:00.000Z,2005,Hurricane,HURRICANE KATRINA EVACUATION,KATRINA,2005-08-29T00:00:00.000Z,2005-10-01T00:00:00.000Z,5100,2005082401,4,,,,
EM-3232-MO,3232,MO,EM,2005-09-10T00:00:00.000Z,2005,Hurricane,HURRICANE KATRINA EVACUATION,KATRINA,2005-08-29T00:00:00.000Z,2005-10-01T00:00:00.000Z,5109,2005090702,7,,,,
EM-3231-KY,3231,KY,EM,2005-09-10T00:00:00.000Z,2005,Hurricane,HURRICANE KATRINA ,KATRINA,2005-08-29T00:00:00.000Z,2005-10-01T00:00:00.000Z,5099,2005082401,4,,,,
DR-4832-TN,4832,TN,DR,2024-10-02T00:00:00.000Z,2025,Tropical Storm,TROPICAL STORM HELENE,HELENE,2024-09-26T00:00:00.000Z,2024-09-30T00:00:00.000Z,24173,2024092301,4,7267,29859118.88,16154068.95,13705049.93
EM-3230-IL,3230,IL,EM,2005-09-07T00:00:00.000Z,2005,Hurricane,HURRICANE KATRINA EVACUATION,KATRINA,2005-08-29T00:00:00.000Z,2005-10-01T00:00:00.000Z,5107,2005090501,5,,,,
EM-3229-NM,3229,NM,EM,2005-09-07T00:00:00.000Z,2005,Hurricane,HURRICANE KATRINA EVACUATION,KATRINA,2005-08-29T00:00:00.000Z,2005-10-01T00:00:00.000Z,5103,2005082401,6,,,,
EM-3228-OR,3228,OR,EM,2005-09-07T00:00:00.000Z,2005,Coastal Storm,HURRICANE KATRINA EVACUATION,KATRINA,2005-08-29T00:00:00.000Z,2005-10-01T00:00:00.000Z,5104,2005090604,10,,,,
EM-3227-WA,3227,WA,EM,2005-09-07T00:00:00.000Z,2005,Coastal Storm,HURRICANE KATRINA EVACUATION,KATRINA,2005-08-29T00:00:00.000Z,2005-10-01T00:00:00.000Z,5102,2005090604,10,,,,
EM-3226-DC,3226,DC,EM,2005-09-07T00:00:00.000Z,2005,Hurricane,HURRICANE KATRINA EVACUATION,KATRINA,2005-08-29T00:00:00.000Z,2005-10-01T00:00:00.000Z,5097,2005082401,3,,,,
EM-3225-MI,3225,MI,EM,2005-09-07T00:00:00.000Z,2005,Hurricane,HURRICANE KATRINA EVACUATION,KATRINA,2005-08-29T00:00:00.000Z,2005-10-01T00:00:00.000Z,5106,2005090403,5,,,,
EM-3224-CO,3224,CO,EM,2005-09-05T00:00:00.000Z,2005,Coastal Storm,HURRICANE KATRINA EVACUATION,KATRINA,2005-08-29T00:00:00.000Z,2005-10-01T00:00:00.000Z,5095,2005090401,8,,,,
EM-3223-UT,3223,UT,EM,2005-09-05T00:00:00.000Z,2005,Coastal Storm,HURRICANE KATRINA EVACUATION,KATRINA,2005-08-29T00:00:00.000Z,2005-10-01T00:00:00.000Z,5096,2005090402,8,,,,
EM-3222-NC,3222,NC,EM,2005-09-05T00:00:00.000Z,2005,Hurricane,HURRICANE KATRINA EVACUATION,KATRINA,2005-08-29T00:00:00.000Z,2005-10-01T00:00:00.000Z,5092,2005082401,4,,,,
DR-4815-PA,4815,PA,DR,2024-09-11T00:00:00.000Z,2024,Tropical Storm,TROPICAL STORM DEBBY,DEBBY,2024-08-09T00:00:00.000Z,2024-08-10T00:00:00.000Z,24132,2024072801,3,812,7175976.25,4736409.51,2439566.74
DR-4834-FL,4834,FL,DR,2024-10-11T00:00:00.000Z,2025,Hurricane,HURRICANE MILTON ,MILTON,2024-10-05T00:00:00.000Z,2024-11-02T00:00:00.000Z,24180,2024100501,4,282346,717945437.2,287926896.1,430018541
EM-3221-WV,3221,WV,EM,2005-09-05T00:00:00.000Z,2005,Hurricane,HURRICANE KATRINA EVACUATION,KATRINA,2005-08-29T00:00:00.000Z,2005-10-01T00:00:00.000Z,5094,2005082401,3,,,,
EM-3220-FL,3220,FL,EM,2005-09-05T00:00:00.000Z,2005,Hurricane,HURRICANE KATRINA EVACUATION,KATRINA,2005-08-29T00:00:00.000Z,2005-10-01T00:00:00.000Z,5093,2005082401,4,,,,
EM-3219-OK,3219,OK,EM,2005-09-05T00:00:00.000Z,2005,Hurricane,HURRICANE KATRINA EVACUATION,KATRINA,2005-08-29T00:00:00.000Z,2005-10-01T00:00:00.000Z,5091,2005082401,6,,,,
DR-4828-FL,4828,FL,DR,2024-09-28T00:00:00.000Z,2024,Hurricane,HURRICANE HELENE,HELENE,2024-09-23T00:00:00.000Z,2024-10-07T00:00:00.000Z,24167,2024092301,4,168662,745399041.7,318227365.6,427171676.1
EM-3218-GA,3218,GA,EM,2005-09-05T00:00:00.000Z,2005,Hurricane,HURRICANE KATRINA EVACUATION,KATRINA,2005-08-27T00:00:00.000Z,2005-10-01T00:00:00.000Z,5088,2005082401,4,,,,
EM-3217-TN,3217,TN,EM,2005-09-05T00:00:00.000Z,2005,Hurricane,HURRICANE KATRINA EVACUATION,KATRINA,2005-08-29T00:00:00.000Z,2005-10-01T00:00:00.000Z,5087,2005082401,4,,,,
EM-3216-TX,3216,TX,EM,2005-09-02T00:00:00.000Z,2005,Hurricane,HURRICANE KATRINA EVACUATION,KATRINA,2005-08-29T00:00:00.000Z,2005-10-01T00:00:00.000Z,5090,2005082401,6,,,,
EM-3215-AR,3215,AR,EM,2005-09-02T00:00:00.000Z,2005,Hurricane,HURRICANE KATRINA EVACUATION,KATRINA,2005-08-29T00:00:00.000Z,2005-10-01T00:00:00.000Z,5089,2005082401,6,,,,
EM-3214-AL,3214,AL,EM,2005-08-28T00:00:00.000Z,2005,Hurricane,HURRICANE KATRINA,KATRINA,2005-08-28T00:00:00.000Z,2005-09-26T00:00:00.000Z,5081,2005082401,4,,,,
EM-3213-MS,3213,MS,EM,2005-08-28T00:00:00.000Z,2005,Hurricane,HURRICANE KATRINA,KATRINA,2005-08-27T00:00:00.000Z,2005-10-14T00:00:00.000Z,5079,2005082401,4,,,,
EM-3212-LA,3212,LA,EM,2005-08-27T00:00:00.000Z,2005,Hurricane,HURRICANE KATRINA,KATRINA,2005-08-26T00:00:00.000Z,2005-11-01T00:00:00.000Z,5078,2005082401,6,,,,
DR-4818-NY,4818,NY,DR,2024-09-20T00:00:00.000Z,2024,Tropical Storm,SEVERE STORM AND FLOODING,SEVERE STORM AND FLOODING,2024-08-08T00:00:00.000Z,2024-08-10T00:00:00.000Z,24134,2024072801,2,115,1164985.16,700026.94,464958.22
DR-4848-KY,4848,KY,DR,2024-11-26T00:00:00.000Z,2025,Tropical Storm,REMNANTS OF HURRICANE HELENE,HELENE,2024-09-27T00:00:00.000Z,2024-09-30T00:00:00.000Z,24189,2024092301,4,,,,
DR-4850-PR,4850,PR,DR,2024-11-27T00:00:00.000Z,2025,Tropical Storm,TROPICAL STORM ERNESTO ,ERNESTO,2024-08-13T00:00:00.000Z,2024-08-16T00:00:00.000Z,24188,2024080901,2,,,,
EM-3152-VI,3152,VI,EM,1999-11-17T00:00:00.000Z,2000,Hurricane,HURRICANE LENNY,LENNY,1999-11-17T00:00:00.000Z,1999-11-20T00:00:00.000Z,99146,1999111501,2,,,,
EM-3151-PR,3151,PR,EM,1999-11-17T00:00:00.000Z,2000,Hurricane,HURRICANE LENNY,LENNY,1999-11-17T00:00:00.000Z,1999-11-20T00:00:00.000Z,99147,1999111501,2,,,,
EM-3150-FL,3150,FL,EM,1999-10-15T00:00:00.000Z,2000,Hurricane,TROPICAL STORM IRENE - FLORIDA,IRENE,1999-10-14T00:00:00.000Z,1999-10-19T00:00:00.000Z,99136,1999101302,4,,,,
EM-3149-NY,3149,NY,EM,1999-09-18T00:00:00.000Z,1999,Hurricane,HURRICANE FLOYD EMERGENCY DECLARATIONS,FLOYD,1999-09-16T00:00:00.000Z,1999-09-18T00:00:00.000Z,99093,1999091001,2,,,,
EM-3148-NJ,3148,NJ,EM,1999-09-17T00:00:00.000Z,1999,Hurricane,HURRICANE FLOYD EMERGENCY DECLARATIONS,FLOYD,1999-09-16T00:00:00.000Z,1999-09-18T00:00:00.000Z,99092,1999091001,2,,,,
EM-3147-VA,3147,VA,EM,1999-09-16T00:00:00.000Z,1999,Hurricane,HURRICANE FLOYD EMERGENCY DECLARATIONS,FLOYD,1999-09-13T00:00:00.000Z,1999-09-26T00:00:00.000Z,99090,1999091001,3,,,,
EM-3146-NC,3146,NC,EM,1999-09-15T00:00:00.000Z,1999,Hurricane,HURRICANE FLOYD EMERGENCY DECLARATIONS,FLOYD,1999-09-15T00:00:00.000Z,1999-10-04T00:00:00.000Z,99088,1999091001,4,,,,
DR-4844-FL,4844,FL,DR,2024-11-05T00:00:00.000Z,2025,Hurricane,HURRICANE MILTON,MILTON,2024-10-05T00:00:00.000Z,2024-11-02T00:00:00.000Z,24191,2024100501,4,,,,
EM-3145-SC,3145,SC,EM,1999-09-15T00:00:00.000Z,1999,Hurricane,HURRICANE FLOYD EMERGENCY DECLARATIONS,FLOYD,1999-09-14T00:00:00.000Z,1999-09-25T00:00:00.000Z,99087,1999091001,4,,,,
EM-3144-GA,3144,GA,EM,1999-09-14T00:00:00.000Z,1999,Hurricane,HURRICANE FLOYD EMERGENCY DECLARATIONS,FLOYD,1999-09-14T00:00:00.000Z,1999-09-17T00:00:00.000Z,99086,1999091001,4,,,,
EM-3143-FL,3143,FL,EM,1999-09-14T00:00:00.000Z,1999,Hurricane,HURRICANE FLOYD EMERGENCY DECLARATIONS,FLOYD,1999-09-14T00:00:00.000Z,1999-09-16T00:00:00.000Z,99085,1999091001,4,,,,
EM-3141-NC,3141,NC,EM,1999-09-01T00:00:00.000Z,1999,Hurricane,HURRICANE DENNIS,DENNIS,1999-08-29T00:00:00.000Z,1999-09-11T00:00:00.000Z,99079,1999082602,4,,,,
DR-4851-WV,4851,WV,DR,2024-12-09T00:00:00.000Z,2025,Tropical Storm,POST-TROPICAL STORM HELENE,HELENE,2024-09-25T00:00:00.000Z,2024-09-28T00:00:00.000Z,24203,2024092301,3,544,2514613.73,1553122.47,961491.26
EM-3133-AL,3133,AL,EM,1998-09-28T00:00:00.000Z,1998,Hurricane,HURRICANE GEORGES,GEORGES,1998-09-28T00:00:00.000Z,1998-10-06T00:00:00.000Z,98170,98170,4,,,,
EM-3132-MS,3132,MS,EM,1998-09-28T00:00:00.000Z,1998,Hurricane,HURRICANE GEORGES,GEORGES,1998-09-28T00:00:00.000Z,1998-10-05T00:00:00.000Z,98169,98169,4,,,,
EM-3131-FL,3131,FL,EM,1998-09-25T00:00:00.000Z,1998,Hurricane,HURRICANE GRORGES,GRORGES,1998-09-25T00:00:00.000Z,1998-10-02T00:00:00.000Z,98167,98167,4,,,,
EM-3130-PR,3130,PR,EM,1998-09-21T00:00:00.000Z,1998,Hurricane,HURRICANE GEORGES (DIRECT FEDERAL ASSIST FIRST 72 HRS),GEORGES,1998-09-20T00:00:00.000Z,1998-09-20T00:00:00.000Z,98161,98161,2,,,,
EM-3129-VI,3129,VI,EM,1998-09-21T00:00:00.000Z,1998,Hurricane,HURRICANE GEORGES (DIRECT FEDERAL ASSIST FIRST 72 HRS),GEORGES,1998-09-21T00:00:00.000Z,1998-09-22T00:00:00.000Z,98162,98162,2,,,,
EM-3116-FL,3116,FL,EM,1995-08-03T00:00:00.000Z,1995,Hurricane,HURRICANE ERIN,ERIN,1995-08-02T00:00:00.000Z,1995-08-03T00:00:00.000Z,95043,95043,4,,,,
EM-3078-CA,3078,CA,EM,1980-02-01T00:00:00.000Z,1980,Coastal Storm,"TORRENTIAL RAIN, HIGH TIDE & WINDS","TORRENTIAL RAIN, HIGH TIDE & WINDS",1980-02-01T00:00:00.000Z,1980-02-01T00:00:00.000Z,80012,80012,9,,,,
EM-3005-NJ,3005,NJ,EM,1974-12-24T00:00:00.000Z,1975,Coastal Storm,"SEVERE STORMS, HIGH WINDS & HIGH TIDES","SEVERE STORMS, HIGH WINDS & HIGH TIDES",1974-12-24T00:00:00.000Z,1974-12-24T00:00:00.000Z,75047,75047,2,,,,
DR-4829-SC,4829,SC,DR,2024-09-29T00:00:00.000Z,2024,Hurricane,HURRICANE HELENE,HELENE,2024-09-25T00:00:00.000Z,2024-10-07T00:00:00.000Z,24169,2024092301,4,245200,282262845.2,53880246.7,228382598.5
DR-4830-GA,4830,GA,DR,2024-09-30T00:00:00.000Z,2024,Hurricane,HURRICANE HELENE,HELENE,2024-09-24T00:00:00.000Z,2024-10-30T00:00:00.000Z,24171,2024092301,4,213815,322163767.3,85373460.7,236790306.6
DR-1939-VI,1939,VI,DR,2010-09-28T00:00:00.000Z,2010,Hurricane,HURRICANE EARL,EARL,2010-08-29T00:00:00.000Z,2010-08-31T00:00:00.000Z,10108,2010082802,2,,,,
DR-1931-TX,1931,TX,DR,2010-08-03T00:00:00.000Z,2010,Hurricane,HURRICANE ALEX,ALEX,2010-06-30T00:00:00.000Z,2010-08-14T00:00:00.000Z,10088,2010062804,6,2617,10259307.7,8273536.99,1985770.71
DR-1866-AL,1866,AL,DR,2009-12-22T00:00:00.000Z,2010,Hurricane,TROPICAL STORM IDA,IDA,2009-11-09T00:00:00.000Z,2009-11-10T00:00:00.000Z,9123,2009110901,4,,,,
DR-4821-GA,4821,GA,DR,2024-09-24T00:00:00.000Z,2024,Tropical Storm,TROPICAL STORM DEBBY,DEBBY,2024-08-04T00:00:00.000Z,2024-08-20T00:00:00.000Z,24149,2024072801,4,2671,8966989.57,4085033.23,4881956.34
DR-1807-VI,1807,VI,DR,2008-10-29T00:00:00.000Z,2009,Hurricane,HURRICANE OMAR,OMAR,2008-10-14T00:00:00.000Z,2008-10-16T00:00:00.000Z,8171,2008101402,2,,,,
DR-1806-FL,1806,FL,DR,2008-10-27T00:00:00.000Z,2009,Hurricane,HURRICANE GUSTAV,GUSTAV,2008-08-31T00:00:00.000Z,2008-09-07T00:00:00.000Z,8166,2008100803,4,,,,
DR-1794-MS,1794,MS,DR,2008-09-22T00:00:00.000Z,2008,Hurricane,HURRICANE GUSTAV,GUSTAV,2008-08-28T00:00:00.000Z,2008-09-08T00:00:00.000Z,8139,2008082602,4,1966,7176481.13,5986936.24,1189544.89
DR-1793-AR,1793,AR,DR,2008-09-18T00:00:00.000Z,2008,Hurricane,SEVERE STORMS AND FLOODING ASSOCIATED WITH HURRICANE GUSTAV,GUSTAV,2008-09-02T00:00:00.000Z,2008-09-08T00:00:00.000Z,8149,2008091101,6,,,,
DR-1792-LA,1792,LA,DR,2008-09-13T00:00:00.000Z,2008,Hurricane,HURRICANE IKE,IKE,2008-09-11T00:00:00.000Z,2008-11-07T00:00:00.000Z,8148,2008090202,6,12278,63878324.09,54137482.22,9740841.87
DR-1791-TX,1791,TX,DR,2008-09-13T00:00:00.000Z,2008,Hurricane,HURRICANE IKE,IKE,2008-09-07T00:00:00.000Z,2008-10-02T00:00:00.000Z,8147,2008090202,6,121642,531895066.3,412587878.8,119307187.5
DR-1789-AL,1789,AL,DR,2008-09-10T00:00:00.000Z,2008,Hurricane,HURRICANE GUSTAV,GUSTAV,2008-08-29T00:00:00.000Z,2008-09-03T00:00:00.000Z,8144,2008082602,4,,,,
DR-1786-LA,1786,LA,DR,2008-09-02T00:00:00.000Z,2008,Hurricane,HURRICANE GUSTAV ,GUSTAV,2008-09-01T00:00:00.000Z,2008-09-11T00:00:00.000Z,8138,2008090203,6,71206,216888044,165776649.4,51111394.65
DR-1780-TX,1780,TX,DR,2008-07-24T00:00:00.000Z,2008,Hurricane,HURRICANE DOLLY,DOLLY,2008-07-22T00:00:00.000Z,2008-08-01T00:00:00.000Z,8121,2008072001,6,13402,34868169.3,29354250.25,5513919.05
EM-3566-MA,3566,MA,EM,2021-08-22T00:00:00.000Z,2021,Hurricane,TROPICAL STORM HENRI,HENRI,2021-08-20T00:00:00.000Z,2021-09-29T00:00:00.000Z,21084,2021081902,1,,,,
EM-3567-VT,3567,VT,EM,2021-08-22T00:00:00.000Z,2021,Hurricane,TROPICAL STORM HENRI,HENRI,2021-08-22T00:00:00.000Z,2021-08-29T00:00:00.000Z,21085,2021081902,1,,,,
DR-1608-NC,1608,NC,DR,2005-10-07T00:00:00.000Z,2006,Hurricane,HURRICANE OPHELIA,OPHELIA,2005-09-11T00:00:00.000Z,2005-09-17T00:00:00.000Z,5135,2005091001,4,,,,
DR-1607-LA,1607,LA,DR,2005-09-24T00:00:00.000Z,2005,Hurricane,HURRICANE RITA ,RITA,2005-09-23T00:00:00.000Z,2005-11-01T00:00:00.000Z,5139,2005091801,6,177538,523284650.3,417487431.2,105797219.1
DR-1606-TX,1606,TX,DR,2005-09-24T00:00:00.000Z,2005,Hurricane,HURRICANE RITA ,RITA,2005-09-23T00:00:00.000Z,2005-10-14T00:00:00.000Z,5140,2005091801,6,252022,618379759,523188508.5,95191250.5
DR-1605-AL,1605,AL,DR,2005-08-29T00:00:00.000Z,2005,Hurricane,HURRICANE KATRINA,KATRINA,2005-08-29T00:00:00.000Z,2005-09-26T00:00:00.000Z,5085,2005082401,4,55830,128278244.6,90412186.66,37866057.95
DR-1604-MS,1604,MS,DR,2005-08-29T00:00:00.000Z,2005,Hurricane,HURRICANE KATRINA,KATRINA,2005-08-29T00:00:00.000Z,2005-10-14T00:00:00.000Z,5082,2005082401,4,274488,1293717474,875826174.6,417891299.9
DR-1603-LA,1603,LA,DR,2005-08-29T00:00:00.000Z,2005,Hurricane,HURRICANE KATRINA,KATRINA,2005-08-29T00:00:00.000Z,2005-11-01T00:00:00.000Z,5084,2005082401,6,737609,5247169459,3745182195,1501987264
DR-1602-FL,1602,FL,DR,2005-08-28T00:00:00.000Z,2005,Hurricane,HURRICANE KATRINA,KATRINA,2005-08-24T00:00:00.000Z,2005-09-06T00:00:00.000Z,5080,2005082401,4,,,,
DR-1595-FL,1595,FL,DR,2005-07-10T00:00:00.000Z,2005,Hurricane,HURRICANE DENNIS,DENNIS,2005-07-07T00:00:00.000Z,2005-07-20T00:00:00.000Z,5055,2005070601,4,21150,21564056.01,6644116.97,14919939.04
DR-1594-MS,1594,MS,DR,2005-07-10T00:00:00.000Z,2005,Hurricane,HURRICANE DENNIS,DENNIS,2005-07-10T00:00:00.000Z,2005-07-15T00:00:00.000Z,5054,2005070601,4,,,,
DR-1593-AL,1593,AL,DR,2005-07-10T00:00:00.000Z,2005,Hurricane,HURRICANE DENNIS,DENNIS,2005-07-10T00:00:00.000Z,2005-07-16T00:00:00.000Z,5053,2005070601,4,4468,4457183.03,2100996.87,2356186.16
EM-3619-SC,3619,SC,EM,2024-09-26T00:00:00.000Z,2024,Tropical Storm,HURRICANE HELENE,HELENE,2024-09-25T00:00:00.000Z,2024-10-07T00:00:00.000Z,24164,2024092301,4,,,,
DR-1567-VI,1567,VI,DR,2004-10-07T00:00:00.000Z,2005,Hurricane,TROPICAL STORM JEANNE,JEANNE,2004-09-14T00:00:00.000Z,2004-09-17T00:00:00.000Z,4131,2004091501,2,,,,
EM-3623-FL,3623,FL,EM,2024-10-08T00:00:00.000Z,2025,Hurricane,HURRICANE MILTON,MILTON,2024-10-05T00:00:00.000Z,2024-11-02T00:00:00.000Z,24178,2024100501,4,,,,
DR-1566-SC,1566,SC,DR,2004-10-07T00:00:00.000Z,2005,Hurricane,TROPICAL STORM FRANCES,FRANCES,2004-09-06T00:00:00.000Z,2004-10-11T00:00:00.000Z,4121,2004082901,4,4399,7240598.76,5778026.85,1462571.91
DR-1561-FL,1561,FL,DR,2004-09-26T00:00:00.000Z,2004,Hurricane,HURRICANE JEANNE,JEANNE,2004-09-24T00:00:00.000Z,2004-11-17T00:00:00.000Z,4122,2004091501,4,180826,398620293.7,199814423.8,198805869.8
DR-1560-GA,1560,GA,DR,2004-09-24T00:00:00.000Z,2004,Hurricane,TROPICAL STORM FRANCES,FRANCES,2004-09-03T00:00:00.000Z,2004-10-30T00:00:00.000Z,4118,2004082901,4,,,,
DR-1557-PA,1557,PA,DR,2004-09-19T00:00:00.000Z,2004,Hurricane,TROPICAL DEPRESSION IVAN,IVAN,2004-09-17T00:00:00.000Z,2004-10-01T00:00:00.000Z,4119,2004090502,3,25102,86766316.64,58004959.82,28761356.82
DR-1554-GA,1554,GA,DR,2004-09-18T00:00:00.000Z,2004,Hurricane,HURRICANE IVAN,IVAN,2004-09-14T00:00:00.000Z,2004-10-30T00:00:00.000Z,4115,2004090502,4,1305,4243819.01,2991644.47,1252174.54
DR-1553-NC,1553,NC,DR,2004-09-18T00:00:00.000Z,2004,Hurricane,HURRICANE IVAN,IVAN,2004-09-16T00:00:00.000Z,2004-09-23T00:00:00.000Z,4116,2004090502,4,4010,13371728.21,10026877.07,3344851.14
DR-1551-FL,1551,FL,DR,2004-09-16T00:00:00.000Z,2004,Hurricane,HURRICANE IVAN,IVAN,2004-09-13T00:00:00.000Z,2004-11-17T00:00:00.000Z,4112,2004090502,4,79390,164517307.5,77889008.09,86628299.44
DR-1550-MS,1550,MS,DR,2004-09-15T00:00:00.000Z,2004,Hurricane,HURRICANE IVAN,IVAN,2004-09-13T00:00:00.000Z,2004-09-20T00:00:00.000Z,4111,2004090502,4,4531,8514432.84,6200742.72,2313690.12
DR-1549-AL,1549,AL,DR,2004-09-15T00:00:00.000Z,2004,Hurricane,HURRICANE IVAN,IVAN,2004-09-13T00:00:00.000Z,2004-09-30T00:00:00.000Z,4109,2004090502,4,89231,190193142.6,113359261.5,76833881.12
DR-1548-LA,1548,LA,DR,2004-09-15T00:00:00.000Z,2004,Hurricane,HURRICANE IVAN,IVAN,2004-09-13T00:00:00.000Z,2004-09-26T00:00:00.000Z,4108,2004090502,6,3043,4252022.77,2779944.79,1472077.98
DR-1546-NC,1546,NC,DR,2004-09-10T00:00:00.000Z,2004,Hurricane,TROPICAL STORM FRANCES,FRANCES,2004-09-07T00:00:00.000Z,2004-09-12T00:00:00.000Z,4102,2004082901,4,7790,21289503.58,12088046.88,9201456.7
DR-1545-FL,1545,FL,DR,2004-09-04T00:00:00.000Z,2004,Hurricane,HURRICANE FRANCES,FRANCES,2004-09-03T00:00:00.000Z,2004-10-08T00:00:00.000Z,4097,2004082901,4,229577,411815686,192014228.4,219801457.6
DR-1543-SC,1543,SC,DR,2004-09-01T00:00:00.000Z,2004,Hurricane,HURRICANE CHARLEY,CHARLEY,2004-08-14T00:00:00.000Z,2004-08-15T00:00:00.000Z,4090,2004081102,4,,,,
DR-1496-WV,1496,WV,DR,2003-09-23T00:00:00.000Z,2003,Hurricane,HURRICANE ISABEL,ISABEL,2003-09-18T00:00:00.000Z,2003-09-30T00:00:00.000Z,3114,2003091101,3,,,,
DR-1495-DE,1495,DE,DR,2003-09-23T00:00:00.000Z,2003,Hurricane,TROPICAL STORM HENRI,HENRI,2003-09-15T00:00:00.000Z,2003-09-15T00:00:00.000Z,3115,2003092302,3,1,1756.2,1756.2,
DR-1494-DE,1494,DE,DR,2003-09-20T00:00:00.000Z,2003,Hurricane,HURRICANE ISABEL,ISABEL,2003-09-18T00:00:00.000Z,2003-09-29T00:00:00.000Z,3113,2003091101,3,344,1459279.09,1015627.62,443651.47
DR-1493-DC,1493,DC,DR,2003-09-20T00:00:00.000Z,2003,Hurricane,HURRICANE ISABEL,ISABEL,2003-09-18T00:00:00.000Z,2003-09-29T00:00:00.000Z,3112,2003091101,3,701,953918.36,665156.56,288761.8
DR-1492-MD,1492,MD,DR,2003-09-19T00:00:00.000Z,2003,Hurricane,HURRICANE ISABEL,ISABEL,2003-09-18T00:00:00.000Z,2003-09-29T00:00:00.000Z,3111,2003091101,3,8691,33051507.87,23148436.23,9903071.64
DR-1491-VA,1491,VA,DR,2003-09-18T00:00:00.000Z,2003,Hurricane,HURRICANE ISABEL,ISABEL,2003-09-18T00:00:00.000Z,2003-10-01T00:00:00.000Z,3110,2003091101,3,29177,57048028.63,33948484.29,23099544.34
DR-1479-TX,1479,TX,DR,2003-07-17T00:00:00.000Z,2003,Hurricane,HURRICANE CLAUDETTE,CLAUDETTE,2003-07-15T00:00:00.000Z,2003-07-28T00:00:00.000Z,3072,2003071301,6,8552,20213296.06,11924830.34,8288465.72
DR-1438-AL,1438,AL,DR,2002-10-09T00:00:00.000Z,2003,Hurricane,TROPICAL STORM ISIDORE,ISIDORE,2002-09-23T00:00:00.000Z,2002-10-01T00:00:00.000Z,2138,2002092302,4,,,,
DR-1437-LA,1437,LA,DR,2002-10-03T00:00:00.000Z,2003,Hurricane,HURRICANE LILI,LILI,2002-10-01T00:00:00.000Z,2002-10-16T00:00:00.000Z,2139,2002100101,6,,,,
DR-1436-MS,1436,MS,DR,2002-10-01T00:00:00.000Z,2003,Hurricane,TROPICAL STORM ISIDORE,ISIDORE,2002-09-23T00:00:00.000Z,2002-10-06T00:00:00.000Z,2137,2002092302,4,,,,
DR-1435-LA,1435,LA,DR,2002-09-27T00:00:00.000Z,2002,Hurricane,TROPICAL STORM ISIDORE,ISIDORE,2002-09-21T00:00:00.000Z,2002-10-01T00:00:00.000Z,2136,2002092302,6,,,,
DR-1434-TX,1434,TX,DR,2002-09-26T00:00:00.000Z,2002,Coastal Storm,TROPICAL STORM FAY,FAY,2002-09-06T00:00:00.000Z,2002-09-30T00:00:00.000Z,2130,2002090502,6,,,,
DR-1393-FL,1393,FL,DR,2001-09-28T00:00:00.000Z,2001,Coastal Storm,"SEVERE STORMS, TORNADOES AND FLOODING ASSOCIATED WITH TROPICAL STORM GABRIELLE",GABRIELLE,2001-09-13T00:00:00.000Z,2001-09-21T00:00:00.000Z,1094,2001091401,4,,,,
DR-1380-LA,1380,LA,DR,2001-06-11T00:00:00.000Z,2001,Coastal Storm,TROPICAL STORM ALLISON,ALLISON,2001-06-05T00:00:00.000Z,2001-06-22T00:00:00.000Z,1066,2001060503,6,,,,
DR-1379-TX,1379,TX,DR,2001-06-09T00:00:00.000Z,2001,Coastal Storm,TX-TROPICAL STORM ALLISON-06-06-2001,ALLISON,2001-06-05T00:00:00.000Z,2001-06-20T00:00:00.000Z,1065,2001060801,6,,,,
DR-1309-VI,1309,VI,DR,1999-11-23T00:00:00.000Z,2000,Hurricane,HURRICANE LENNY MAJOR DECLARATION,LENNY,1999-11-17T00:00:00.000Z,1999-11-20T00:00:00.000Z,99152,1999112101,2,,,,
DR-1308-ME,1308,ME,DR,1999-11-18T00:00:00.000Z,2000,Hurricane,HURRICANE FLOYD MAJOR DISASTER DECLARATIONS,FLOYD,1999-09-16T00:00:00.000Z,1999-09-19T00:00:00.000Z,99144,1999091407,1,,,,
DR-1306-FL,1306,FL,DR,1999-10-20T00:00:00.000Z,2000,Hurricane,FL-HURRICANE IRENE-DR-REQ,IRENE-DR-REQ,1999-10-14T00:00:00.000Z,1999-10-24T00:00:00.000Z,99139,1999101702,4,,,,
DR-1305-NH,1305,NH,DR,1999-10-18T00:00:00.000Z,2000,Hurricane,TROPICAL STORM FLOYD ,FLOYD,1999-09-16T00:00:00.000Z,1999-09-18T00:00:00.000Z,99112,1999091407,1,,,,
DR-1303-MD,1303,MD,DR,1999-09-24T00:00:00.000Z,1999,Hurricane,HURRICANE FLOYD MAJOR DISASTER DECLARATIONS,FLOYD,1999-09-16T00:00:00.000Z,1999-09-20T00:00:00.000Z,99102,1999091407,3,,,,
DR-1302-CT,1302,CT,DR,1999-09-23T00:00:00.000Z,1999,Hurricane,HURRICANE FLOYD ,FLOYD,1999-09-16T00:00:00.000Z,1999-09-21T00:00:00.000Z,99101,1999091407,1,,,,
DR-1300-FL,1300,FL,DR,1999-09-22T00:00:00.000Z,1999,Hurricane,HURRICANE FLOYD MAJOR DISASTER DECLARATIONS,FLOYD,1999-09-13T00:00:00.000Z,1999-09-25T00:00:00.000Z,99099,1999091407,4,,,,
DR-1299-SC,1299,SC,DR,1999-09-21T00:00:00.000Z,1999,Hurricane,HURRICANE FLOYD MAJOR DISASTER DECLARATIONS,FLOYD,1999-09-14T00:00:00.000Z,1999-09-30T00:00:00.000Z,99100,1999091407,4,,,,
DR-1297-DE,1297,DE,DR,1999-09-21T00:00:00.000Z,1999,Hurricane,HURRICANE FLOYD MAJOR DISASTER DECLARATIONS,FLOYD,1999-09-15T00:00:00.000Z,1999-09-17T00:00:00.000Z,99098,1999091407,3,,,,
DR-1296-NY,1296,NY,DR,1999-09-19T00:00:00.000Z,1999,Hurricane,HURRICANE FLOYD MAJOR DISASTER DECLARATIONS,FLOYD,1999-09-16T00:00:00.000Z,1999-09-18T00:00:00.000Z,99097,1999091407,2,,,,
DR-1295-NJ,1295,NJ,DR,1999-09-18T00:00:00.000Z,1999,Hurricane,HURRICANE FLOYD MAJOR DISASTER DECLARATIONS,FLOYD,1999-09-16T00:00:00.000Z,1999-09-18T00:00:00.000Z,99095,1999091407,2,,,,
DR-1294-PA,1294,PA,DR,1999-09-18T00:00:00.000Z,1999,Hurricane,HURRICANE FLOYD MAJOR DISASTER DECLARATIONS,FLOYD,1999-09-16T00:00:00.000Z,1999-09-29T00:00:00.000Z,99094,1999091407,3,,,,
DR-1293-VA,1293,VA,DR,1999-09-18T00:00:00.000Z,1999,Hurricane,HURRICANE FLOYD MAJOR DISASTER DECLARATIONS,FLOYD,1999-09-13T00:00:00.000Z,1999-09-26T00:00:00.000Z,99096,1999091407,3,,,,
DR-1292-NC,1292,NC,DR,1999-09-16T00:00:00.000Z,1999,Hurricane,HURRICANE FLOYD MAJOR DISASTER DECLARATIONS,FLOYD,1999-09-15T00:00:00.000Z,1999-11-02T00:00:00.000Z,99089,1999091407,4,,,,
DR-1291-NC,1291,NC,DR,1999-09-09T00:00:00.000Z,1999,Hurricane,HURRICANE DENNIS ,DENNIS,1999-08-29T00:00:00.000Z,1999-09-11T00:00:00.000Z,99084,1999090801,4,,,,
DR-1290-VA,1290,VA,DR,1999-09-06T00:00:00.000Z,1999,Hurricane,VIRGINIA TROPICAL STORM DENNIS 08/27/99,DENNIS,1999-08-27T00:00:00.000Z,1999-09-13T00:00:00.000Z,99082,1999090501,3,,,,
DR-1287-TX,1287,TX,DR,1999-08-22T00:00:00.000Z,1999,Hurricane,HURRICANE BRET ,BRET,1999-08-21T00:00:00.000Z,1999-08-26T00:00:00.000Z,99073,1999082101,6,,,,
DR-1251-MS,1251,MS,DR,1998-10-01T00:00:00.000Z,1999,Hurricane,HURRICANE GEORGES,GEORGES,1998-09-25T00:00:00.000Z,1998-10-05T00:00:00.000Z,98080,8091800001,4,,,,
DR-1250-AL,1250,AL,DR,1998-09-30T00:00:00.000Z,1998,Hurricane,HURRICANE GEORGES - 18 SEP 98,GEORGES,1998-09-25T00:00:00.000Z,1998-10-06T00:00:00.000Z,98079,8091800001,4,,,,
DR-1249-FL,1249,FL,DR,1998-09-28T00:00:00.000Z,1998,Hurricane,HURRICANE GEORGES ,GEORGES,1998-09-25T00:00:00.000Z,1998-10-07T00:00:00.000Z,98078,8091800001,4,,,,
DR-1248-VI,1248,VI,DR,1998-09-24T00:00:00.000Z,1998,Hurricane,HURRICANE GEORGES - 18 SEP 98,GEORGES,1998-09-19T00:00:00.000Z,1998-09-22T00:00:00.000Z,98077,8091800001,2,,,,
DR-1247-PR,1247,PR,DR,1998-09-24T00:00:00.000Z,1998,Hurricane,HURRICANE GEORGES - 18 SEP 98,GEORGES,1998-09-20T00:00:00.000Z,1998-10-27T00:00:00.000Z,99021,8091800001,2,,,,
DR-1246-LA,1246,LA,DR,1998-09-23T00:00:00.000Z,1998,Hurricane,HURRICANE GEORGES/TS FRANCES,GEORGES,1998-09-09T00:00:00.000Z,1998-10-04T00:00:00.000Z,98076,8091000001,6,,,,
DR-1243-SC,1243,SC,DR,1998-09-04T00:00:00.000Z,1998,Hurricane,HURRICANE BONNIE,BONNIE,1998-08-25T00:00:00.000Z,1998-09-01T00:00:00.000Z,98073,8082000002,4,,,,
DR-1242-VA,1242,VA,DR,1998-09-04T00:00:00.000Z,1998,Hurricane,HURRICANE BONNIE,BONNIE,1998-08-25T00:00:00.000Z,1998-09-01T00:00:00.000Z,98072,8082000002,3,,,,
DR-1241-FL,1241,FL,DR,1998-09-04T00:00:00.000Z,1998,Hurricane, HURRICANE EARL,EARL,1998-09-03T00:00:00.000Z,1998-09-03T00:00:00.000Z,98071,8090200002,4,,,,
DR-1240-NC,1240,NC,DR,1998-08-27T00:00:00.000Z,1998,Hurricane,HURRICANE BONNIE,BONNIE,1998-08-20T00:00:00.000Z,1998-09-01T00:00:00.000Z,99020,8082000002,4,,,,
EM-3620-TN,3620,TN,EM,2024-09-27T00:00:00.000Z,2024,Tropical Storm,TROPICAL STORM HELENE,HELENE,2024-09-26T00:00:00.000Z,2024-09-30T00:00:00.000Z,24165,2024092301,4,,,,
DR-4089-RI,4089,RI,DR,2012-11-03T00:00:00.000Z,2013,Hurricane,HURRICANE SANDY,SANDY,2012-10-26T00:00:00.000Z,2012-10-31T00:00:00.000Z,12119,2012102505,1,105,421340.81,378748.8,42592.01
EM-3622-FL,3622,FL,EM,2024-10-07T00:00:00.000Z,2025,Hurricane,HURRICANE MILTON,MILTON,2024-10-05T00:00:00.000Z,2024-11-02T00:00:00.000Z,24177,2024100501,4,,,,
EM-3617-NC,3617,NC,EM,2024-09-26T00:00:00.000Z,2024,Tropical Storm,HURRICANE HELENE,HELENE,2024-09-25T00:00:00.000Z,2024-12-18T00:00:00.000Z,24162,2024092301,4,,,,
EM-3615-FL,3615,FL,EM,2024-09-24T00:00:00.000Z,2024,Tropical Storm,TROPICAL STORM HELENE,HELENE,2024-09-23T00:00:00.000Z,2024-10-07T00:00:00.000Z,24158,2024092301,4,,,,
EM-3605-FL,3605,FL,EM,2024-08-03T00:00:00.000Z,2024,Tropical Storm,TROPICAL STORM DEBBY,DEBBY,2024-08-01T00:00:00.000Z,2024-08-27T00:00:00.000Z,24108,2024072801,4,,,,
EM-3563-RI,3563,RI,EM,2021-08-21T00:00:00.000Z,2021,Hurricane,HURRICANE HENRI,HENRI,2021-08-20T00:00:00.000Z,2021-08-24T00:00:00.000Z,21081,2021081902,1,,,,
DR-1539-FL,1539,FL,DR,2004-08-13T00:00:00.000Z,2004,Hurricane,TROPICAL STORM BONNIE AND HURRICANE CHARLEY,CHARLEY,2004-08-11T00:00:00.000Z,2004-08-30T00:00:00.000Z,4085,2004081102,4,116769,208970754,91728356.27,117242397.7
EM-3611-VI,3611,VI,EM,2024-08-18T00:00:00.000Z,2024,Tropical Storm,TROPICAL STORM ERNESTO,ERNESTO,2024-08-13T00:00:00.000Z,2024-08-16T00:00:00.000Z,24126,2024080901,2,,,,
EM-3543-LA,3543,LA,EM,2020-09-14T00:00:00.000Z,2020,Hurricane,HURRICANE SALLY,SALLY,2020-09-13T00:00:00.000Z,2020-09-16T00:00:00.000Z,20287,2020091301,6,,,,
EM-3616-GA,3616,GA,EM,2024-09-26T00:00:00.000Z,2024,Tropical Storm,HURRICANE HELENE,HELENE,2024-09-24T00:00:00.000Z,2024-10-30T00:00:00.000Z,24161,2024092301,4,,,,
EM-3607-GA,3607,GA,EM,2024-08-05T00:00:00.000Z,2024,Tropical Storm,HURRICANE DEBBY,DEBBY,2024-08-04T00:00:00.000Z,2024-08-20T00:00:00.000Z,24110,2024072801,4,,,,
DR-4827-NC,4827,NC,DR,2024-09-28T00:00:00.000Z,2024,Tropical Storm,TROPICAL STORM HELENE,HELENE,2024-09-25T00:00:00.000Z,2024-12-18T00:00:00.000Z,24166,2024092301,4,157469,403367248.3,153439338.9,249927909.4